sample,pop,super_pop,rs1288367_1,rs1288367_2,rs79200067_1,rs79200067_2,rs7596027_1,rs7596027_2,rs116783706_1,rs116783706_2,rs149768401_1,rs149768401_2,rs17005847_1,rs17005847_2,rs570435573_1,rs570435573_2,rs546642722_1,rs546642722_2,rs17207681_1,rs17207681_2,rs17451739_1,rs17451739_2,rs17599827_1,rs17599827_2,rs2261033_1,rs2261033_2,rs2442728_1,rs2442728_2,rs2571389_1,rs2571389_2,rs535319466_1,rs535319466_2,rs6969817_1,rs6969817_2,rs7799912_1,rs7799912_2,rs2920295_1,rs2920295_2,rs12006467_1,rs12006467_2,rs534029120_1,rs534029120_2,rs11034709_1,rs11034709_2,rs11224765_1,rs11224765_2,rs174570_1,rs174570_2,rs11104947_1,rs11104947_2,rs3217805_1,rs3217805_2,rs3809161_1,rs3809161_2,rs11629323_1,rs11629323_2,rs17822931_1,rs17822931_2,rs543086096_1,rs543086096_2,rs2642066_1,rs2642066_2,rs434124_1,rs434124_2,rs6123723_1,rs6123723_2,rs464165_1,rs464165_2,rs530357165_1,rs530357165_2
HG00403,CHS,EAS,C,C,G,G,C,C,C,C,G,C,C,G,G,G,G,G,A,A,C,C,A,A,G,A,T,T,C,C,C,C,T,G,G,C,A,G,T,T,C,C,A,A,C,C,C,T,G,G,C,C,G,A,G,C,T,T,A,G,G,G,C,G,T,C,C,C,G,G
HG00404,CHS,EAS,C,C,G,G,C,C,C,C,G,G,C,C,G,G,G,G,A,A,C,C,A,C,G,G,T,T,T,C,C,G,G,G,G,G,A,A,T,T,C,C,A,A,C,C,C,T,A,G,C,C,G,A,G,G,T,T,G,G,G,G,C,G,T,C,C,C,G,G
HG00406,CHS,EAS,C,C,G,G,C,T,C,C,G,G,C,C,G,G,G,G,A,A,C,C,A,A,A,G,G,G,T,T,C,C,G,T,G,C,A,A,T,T,C,C,A,A,C,C,T,T,G,A,C,C,A,A,G,C,T,T,G,A,G,G,C,C,C,C,C,C,G,G
HG00407,CHS,EAS,C,C,G,G,C,C,T,C,G,C,G,G,G,G,G,G,A,A,C,C,A,A,G,G,T,G,C,C,C,C,G,T,C,C,A,A,T,T,C,G,A,A,C,C,T,C,G,G,C,C,A,A,C,C,T,T,G,A,G,G,G,C,C,C,C,C,G,A
HG00409,CHS,EAS,C,T,G,G,C,C,C,C,G,G,C,C,G,G,G,G,A,A,C,C,A,A,A,A,G,G,C,C,C,C,T,G,G,G,A,A,T,T,C,C,A,A,C,C,T,T,G,G,C,C,A,A,G,C,T,T,G,G,G,G,G,G,C,C,C,C,G,G
HG00410,CHS,EAS,C,C,G,G,C,C,C,C,G,G,C,C,G,G,G,G,A,A,C,C,A,A,A,G,G,G,C,C,C,C,T,T,G,C,A,A,T,T,C,C,A,A,C,C,C,C,G,G,C,C,A,G,G,G,T,C,G,G,G,G,G,G,C,C,C,C,G,G
HG00419,CHS,EAS,T,C,G,G,C,C,C,T,G,C,G,C,G,G,G,G,A,A,C,C,A,A,A,G,G,T,C,C,C,G,G,G,G,G,A,G,T,T,G,C,A,A,C,C,T,C,G,G,C,C,G,G,G,G,T,T,G,A,G,G,C,C,C,T,C,C,G,G
HG00421,CHS,EAS,C,C,G,G,T,C,C,T,G,C,C,G,G,G,G,G,A,A,C,C,A,A,A,A,G,G,C,T,C,C,G,T,G,G,A,A,T,T,C,G,A,A,C,C,T,C,G,G,C,C,G,A,C,C,T,C,G,A,G,G,G,G,C,C,C,C,G,G
HG00422,CHS,EAS,C,C,G,G,C,T,T,C,C,G,C,C,G,G,G,G,A,A,C,C,A,A,A,G,G,T,T,T,C,G,G,T,G,C,A,A,T,T,C,G,A,A,C,C,T,C,G,G,C,C,G,A,G,G,T,T,G,A,G,G,G,G,C,C,C,C,G,G
HG00428,CHS,EAS,T,T,G,G,C,C,C,T,C,G,G,C,G,G,G,G,A,A,C,C,A,A,G,A,G,G,C,T,C,C,G,T,G,G,G,A,T,T,G,C,A,A,C,C,T,C,G,G,C,C,A,G,G,G,T,T,G,A,G,G,G,G,C,T,C,C,G,G
HG00436,CHS,EAS,C,C,G,G,C,T,C,C,G,G,G,G,G,G,G,G,A,A,C,C,A,A,A,G,G,T,C,C,G,C,T,T,G,G,G,G,T,T,C,C,A,A,C,C,C,C,G,G,C,C,G,A,G,C,C,C,G,A,G,G,G,G,C,C,C,C,G,G
HG00437,CHS,EAS,C,C,G,G,C,C,C,C,G,G,C,C,G,G,G,G,A,A,C,C,A,A,A,G,T,G,C,C,C,C,T,G,G,G,A,A,T,T,C,C,A,A,C,C,C,T,G,G,C,C,A,A,C,G,T,T,G,A,G,G,G,G,C,C,C,C,G,G
HG00442,CHS,EAS,C,C,G,G,C,C,C,T,G,C,C,G,G,G,G,G,A,A,C,C,A,A,G,G,G,G,T,T,G,C,T,T,G,G,A,A,T,T,G,C,A,A,C,C,T,T,G,G,C,C,A,A,G,C,T,T,A,G,G,G,G,C,C,C,C,C,G,G
HG00443,CHS,EAS,C,C,G,G,C,C,C,C,G,C,C,G,G,G,G,G,A,A,C,C,A,A,G,G,G,G,T,C,C,G,G,G,G,G,G,G,T,T,C,G,A,A,C,C,C,T,G,G,C,C,A,G,G,G,T,T,A,G,G,G,G,G,C,C,C,C,G,G
HG00445,CHS,EAS,C,C,G,G,C,C,C,C,C,G,C,C,G,G,G,G,A,A,C,C,A,A,G,G,G,G,C,C,G,C,T,T,G,C,A,G,T,T,C,G,A,A,C,C,C,C,G,G,C,C,A,G,G,C,C,C,A,G,G,G,G,G,C,C,C,C,G,G
HG00446,CHS,EAS,T,C,G,G,C,C,C,T,G,C,C,C,G,G,G,G,A,A,C,C,A,A,A,G,T,G,T,T,C,G,G,T,G,G,G,A,T,T,C,G,A,A,C,C,C,C,G,G,C,C,G,G,G,G,T,T,A,G,G,G,G,G,C,T,C,C,G,G
HG00448,CHS,EAS,C,C,G,G,C,C,C,C,G,C,C,C,G,G,G,G,A,A,C,C,C,A,A,G,G,G,C,T,G,C,T,G,C,G,G,A,T,T,C,G,A,A,C,C,T,T,A,G,C,C,G,G,C,G,T,T,G,A,G,G,G,G,T,C,C,C,G,G
HG00449,CHS,EAS,C,C,G,G,C,C,C,C,G,C,C,C,G,G,G,G,A,A,C,C,A,A,G,A,G,G,T,C,C,G,G,G,G,G,G,G,T,T,C,C,A,A,C,C,C,C,G,G,C,C,A,G,G,G,T,T,A,G,G,G,G,G,C,C,C,C,G,G
HG00451,CHS,EAS,T,T,G,G,C,C,T,C,G,C,C,G,G,G,G,G,A,A,C,C,A,A,A,G,T,G,T,T,G,C,G,T,G,C,G,A,T,T,G,C,A,A,C,C,T,C,G,G,C,G,A,G,C,G,C,T,A,G,G,G,G,G,C,C,C,C,G,G
HG00452,CHS,EAS,C,T,G,G,C,T,C,C,G,C,C,C,G,G,G,G,A,A,C,C,A,A,G,G,G,G,T,T,C,C,G,T,C,G,A,G,T,T,C,G,A,A,C,C,C,T,G,G,C,C,A,G,G,C,T,T,A,G,G,G,G,G,C,C,C,C,G,G
HG00457,CHS,EAS,C,C,G,G,C,T,C,C,G,G,C,G,G,G,G,G,A,A,C,C,A,A,A,A,G,G,C,T,C,C,G,G,G,G,A,A,T,T,G,C,A,A,C,C,T,T,G,G,C,G,A,G,C,G,C,T,G,A,G,G,G,G,C,C,C,C,G,G
HG00458,CHS,EAS,C,T,G,G,C,C,C,C,G,G,G,C,G,G,G,G,A,A,C,T,A,A,A,G,G,G,C,T,C,C,T,G,G,G,A,G,T,T,G,C,A,A,C,C,C,C,G,G,C,C,A,A,C,G,T,T,A,G,G,G,G,G,C,C,C,C,G,G
HG00463,CHS,EAS,C,T,G,G,C,C,T,C,C,G,G,G,G,G,G,G,A,A,C,C,A,A,A,A,G,G,T,C,C,G,T,G,G,C,G,A,T,T,G,C,A,A,C,T,C,C,G,G,C,C,A,G,G,C,T,C,G,A,G,G,G,G,T,C,C,C,G,G
HG00464,CHS,EAS,T,C,G,G,C,C,C,T,G,C,C,G,G,G,G,G,A,A,C,C,A,A,G,G,G,G,C,T,G,C,T,G,C,G,G,A,T,T,G,C,A,A,C,C,T,T,G,G,C,C,G,G,C,G,T,T,G,A,G,G,C,G,C,C,C,C,G,G
HG00472,CHS,EAS,T,C,G,G,C,T,C,C,G,G,G,G,G,G,G,G,A,A,C,C,A,A,G,G,G,T,T,C,C,C,G,G,G,C,A,A,T,T,G,C,A,A,C,C,C,T,G,G,C,C,A,A,C,G,T,T,A,G,G,G,C,C,C,C,C,C,G,G
HG00473,CHS,EAS,C,C,G,G,T,C,C,C,G,C,G,G,G,G,G,G,A,A,C,C,A,A,A,A,G,G,C,C,C,C,G,G,G,G,A,A,T,T,C,G,A,A,C,C,C,C,G,G,C,C,A,A,C,G,T,T,A,G,G,G,G,C,C,C,C,C,G,G
HG00475,CHS,EAS,C,C,G,G,T,T,C,C,G,G,G,C,G,G,G,G,A,A,C,T,A,A,G,G,T,G,T,C,C,C,G,G,G,G,A,A,T,T,C,G,A,A,C,C,C,T,G,G,C,C,G,G,G,G,T,T,G,A,G,G,C,G,C,T,C,C,G,G
HG00476,CHS,EAS,C,C,G,G,C,C,C,T,G,C,C,G,G,G,G,G,A,A,C,C,A,A,A,G,G,G,T,C,C,C,G,T,G,C,A,A,T,T,G,C,A,A,C,T,T,C,G,G,C,C,G,G,C,G,T,T,A,G,G,G,G,C,C,C,C,C,G,G
HG00478,CHS,EAS,C,C,G,G,C,C,C,C,G,C,C,G,G,G,A,G,A,A,C,C,A,A,G,G,G,G,C,T,C,G,G,G,G,G,A,G,T,T,C,G,A,A,C,C,T,T,G,G,C,C,A,A,C,G,T,T,G,A,G,G,G,G,C,C,C,C,G,G
HG00479,CHS,EAS,C,C,G,G,C,C,T,C,G,C,G,G,G,G,G,G,A,A,C,C,A,A,A,G,G,G,C,C,G,C,G,T,C,G,G,A,T,T,G,C,A,A,C,C,T,C,G,G,C,C,A,G,G,G,T,T,A,A,G,G,C,G,C,C,C,C,G,G
HG00500,CHS,EAS,C,C,G,G,T,C,C,T,C,G,C,G,G,G,G,G,A,A,C,C,A,A,G,A,G,G,T,T,C,G,G,G,G,G,A,G,T,T,C,G,A,A,C,C,C,T,G,G,C,C,A,A,C,G,T,C,A,G,G,G,G,G,C,C,C,C,G,G
HG00513,CHS,EAS,C,C,G,G,C,C,C,C,G,G,G,C,G,G,G,G,A,A,C,C,A,A,G,A,G,G,C,C,G,C,G,T,C,C,G,A,T,T,C,C,A,A,C,C,T,C,G,G,C,C,G,A,G,C,T,T,A,G,G,G,G,C,C,C,C,C,G,G
HG00524,CHS,EAS,C,T,G,G,C,C,T,C,C,G,G,G,G,G,G,G,A,A,C,C,A,A,A,G,G,T,C,C,C,G,T,G,C,G,A,A,T,T,C,G,A,A,C,C,T,T,G,G,C,C,A,A,G,G,T,T,G,A,G,G,G,G,C,C,C,C,G,G
HG00525,CHS,EAS,C,C,G,G,C,C,T,C,G,C,G,C,G,G,G,G,A,A,C,C,A,A,A,G,G,G,T,T,C,G,T,T,G,G,A,A,T,T,C,G,A,A,C,C,T,C,G,G,C,C,G,G,G,C,T,C,A,G,G,G,G,G,C,T,C,C,G,A
HG00530,CHS,EAS,C,C,G,G,C,C,C,C,G,C,C,C,G,G,G,G,A,A,C,T,A,A,G,G,G,G,T,T,G,C,T,G,C,G,G,G,T,T,C,C,A,A,C,C,T,C,G,G,C,C,G,G,G,G,T,T,G,A,G,G,G,C,C,T,C,C,G,G
HG00531,CHS,EAS,C,C,G,G,C,C,C,C,C,G,C,C,G,G,G,G,A,A,C,C,A,A,A,A,G,T,C,C,G,C,G,G,G,G,G,A,T,T,C,C,A,A,C,C,C,C,G,G,C,C,A,G,C,G,T,C,G,A,G,G,G,G,C,C,C,C,G,G
HG00533,CHS,EAS,C,C,G,G,C,C,T,C,G,C,G,C,G,G,G,G,A,A,C,C,C,A,A,A,T,G,C,C,C,C,T,T,G,C,A,A,T,T,C,G,A,A,C,C,T,T,G,G,C,C,G,A,C,G,T,T,A,A,G,G,C,C,C,C,C,C,G,G
HG00534,CHS,EAS,T,C,G,G,C,T,T,C,C,G,G,G,G,G,G,G,A,A,C,C,A,A,A,A,G,G,T,C,G,C,G,G,G,G,A,A,T,T,G,C,A,A,C,C,T,T,G,G,G,C,A,A,C,G,T,T,A,A,G,G,G,G,T,T,C,C,G,G
HG00536,CHS,EAS,C,C,G,G,C,T,C,C,G,C,C,G,G,G,G,G,A,A,C,C,A,A,A,A,G,G,C,C,C,G,G,G,G,G,A,A,T,T,C,C,A,A,C,C,C,C,G,G,C,C,G,A,G,G,T,T,G,A,G,G,C,G,C,T,C,C,G,G
HG00537,CHS,EAS,C,C,G,G,C,C,C,T,C,G,C,C,G,G,G,G,A,A,C,C,A,A,A,A,G,G,C,T,C,G,G,T,G,G,A,A,T,T,G,C,A,A,C,C,T,T,A,G,C,C,A,A,C,G,T,T,A,G,G,G,G,G,T,C,C,C,G,G
HG00542,CHS,EAS,C,T,G,G,C,C,C,C,G,G,G,G,G,G,G,G,A,A,C,C,A,C,A,A,G,G,T,C,G,C,G,T,G,G,A,A,T,T,C,C,A,A,C,C,T,T,G,G,C,C,A,G,G,C,T,T,G,A,G,G,G,C,C,C,C,C,G,G
HG00543,CHS,EAS,C,C,G,G,T,T,C,C,G,G,C,C,G,G,G,G,A,A,C,C,A,A,A,G,G,T,C,C,C,C,G,T,C,C,G,A,T,T,G,C,A,A,C,C,C,T,G,G,C,C,G,A,G,G,T,C,A,G,G,G,G,G,C,C,C,C,G,G
HG00556,CHS,EAS,C,C,G,G,C,C,C,T,G,C,C,C,G,G,G,G,A,A,C,C,A,A,A,G,G,G,T,C,C,G,G,T,C,G,A,A,T,T,C,G,A,A,C,C,T,C,G,G,C,C,G,G,G,G,T,T,A,G,G,G,C,G,C,C,C,C,G,G
HG00557,CHS,EAS,C,C,G,G,C,C,C,C,G,C,C,C,G,G,G,G,A,A,C,C,A,A,A,G,G,G,T,C,C,C,T,T,G,G,A,A,T,T,C,G,A,A,C,T,T,C,G,G,C,C,A,A,C,G,C,T,G,A,G,G,G,G,C,C,C,C,G,G
HG00559,CHS,EAS,T,C,G,G,C,C,C,C,G,G,C,C,G,G,G,G,A,A,C,C,A,A,A,G,G,G,C,C,C,C,T,G,C,G,A,G,T,T,C,C,A,A,C,T,C,C,A,G,C,C,A,A,C,G,T,T,A,G,G,G,C,G,C,T,C,C,G,G
HG00560,CHS,EAS,C,C,G,G,C,C,C,C,G,G,C,C,G,G,G,G,A,A,C,C,A,A,A,G,G,G,C,C,C,C,T,T,G,G,G,A,T,T,C,C,A,A,C,C,C,T,A,G,C,C,G,G,C,C,T,T,G,A,G,G,C,C,C,C,C,C,G,G
HG00565,CHS,EAS,T,C,G,G,C,C,C,C,G,G,G,C,G,G,G,G,A,A,C,C,A,A,G,G,G,G,C,C,C,C,T,G,G,G,G,A,T,T,C,C,A,A,C,C,C,C,G,G,C,C,G,A,C,C,T,T,G,G,G,G,C,C,C,C,C,C,G,G
HG00566,CHS,EAS,C,C,G,G,C,C,C,C,G,G,C,C,G,G,G,G,A,A,C,C,A,A,A,A,G,G,C,C,C,C,T,T,C,G,G,G,T,T,C,C,A,A,C,C,T,T,G,G,C,C,G,A,G,G,C,T,A,G,G,G,G,G,C,C,C,C,G,G
HG00580,CHS,EAS,C,T,G,G,C,C,C,T,G,C,G,G,G,G,G,G,A,A,C,C,A,A,G,A,G,G,T,T,G,C,T,T,C,G,A,A,T,T,C,G,A,A,C,C,T,C,G,G,C,G,G,A,G,C,T,T,A,G,G,G,G,G,C,C,C,C,G,G
HG00581,CHS,EAS,C,T,G,G,T,C,T,C,C,G,C,G,G,G,G,G,A,A,C,C,A,A,A,G,T,G,C,C,C,G,G,G,C,G,G,A,T,T,C,G,A,A,C,C,C,C,G,G,C,C,G,A,C,C,T,T,G,A,G,G,G,C,C,C,C,C,G,G
HG00583,CHS,EAS,T,T,G,G,C,T,C,C,G,G,G,C,G,G,G,G,A,A,C,C,A,A,G,A,T,G,T,C,C,C,T,G,G,G,A,A,T,T,C,C,A,A,C,C,T,T,G,G,C,C,G,A,C,G,C,T,A,G,G,G,G,C,T,T,C,C,G,G
HG00584,CHS,EAS,T,C,G,G,C,C,T,C,G,C,C,G,G,G,G,G,A,A,C,C,A,A,G,G,T,G,C,T,C,G,G,T,C,G,A,A,T,T,G,C,A,A,C,C,T,C,G,G,C,C,G,G,C,G,T,T,A,A,G,G,G,C,C,C,C,C,G,G
HG00589,CHS,EAS,C,C,G,G,C,C,C,T,G,C,G,C,G,G,G,G,A,A,C,C,A,A,G,G,T,T,C,C,C,G,T,G,G,G,G,A,T,T,G,C,A,A,C,C,T,C,G,G,G,C,A,A,G,G,T,T,A,A,G,G,G,C,C,C,C,C,G,G
HG00590,CHS,EAS,C,C,G,G,T,C,T,C,G,C,G,C,G,G,G,G,A,A,C,C,A,A,G,G,T,G,C,T,G,C,T,T,G,C,A,G,T,T,G,C,A,A,C,C,T,T,G,G,C,C,A,G,C,C,T,T,G,A,G,G,C,G,C,C,C,C,G,G
HG00592,CHS,EAS,C,C,G,G,C,C,C,C,G,G,C,G,G,G,G,G,A,A,C,C,A,A,A,G,T,T,C,C,C,C,G,T,G,G,A,A,T,T,C,C,G,A,C,C,C,C,G,G,C,C,A,G,C,C,T,T,A,G,G,G,G,G,C,T,C,C,G,G
HG00593,CHS,EAS,C,T,G,G,C,C,C,C,G,G,G,C,G,G,G,G,A,A,C,C,A,A,A,A,T,G,C,C,C,C,G,T,C,G,A,A,T,T,C,C,A,A,C,C,T,T,G,G,C,C,A,G,C,G,T,T,G,G,G,G,G,C,C,T,C,C,G,G
HG00595,CHS,EAS,T,C,G,G,C,C,C,C,G,G,C,C,G,G,G,G,A,A,C,C,A,A,A,A,G,G,T,C,C,C,G,T,G,G,G,G,T,T,C,C,A,A,C,C,T,T,G,G,C,C,G,G,G,G,T,C,G,G,G,G,G,C,T,C,C,C,G,G
HG00596,CHS,EAS,T,T,G,G,T,T,C,C,G,G,G,G,G,G,G,G,A,A,C,C,A,A,G,G,G,G,C,T,C,C,G,T,C,G,G,A,T,T,C,C,A,A,C,C,C,C,G,G,C,C,G,A,C,G,T,T,G,A,G,G,C,G,C,C,C,C,G,G
HG00598,CHS,EAS,C,C,G,G,C,C,C,C,G,G,C,C,G,G,G,G,A,A,C,T,A,A,G,G,T,G,C,T,C,C,G,T,G,G,A,A,T,T,C,C,A,A,C,C,C,T,G,G,C,C,G,G,G,G,T,T,G,G,G,G,G,G,C,C,C,C,G,G
HG00599,CHS,EAS,C,C,G,G,C,C,C,C,G,G,G,C,G,G,G,G,A,A,C,C,A,A,G,G,G,T,T,T,C,C,G,T,G,G,G,G,T,T,C,C,A,A,C,C,T,T,G,G,C,C,A,A,C,G,C,T,G,G,G,G,G,G,C,C,C,C,G,G
HG00607,CHS,EAS,C,T,G,G,C,C,T,C,C,G,C,G,G,G,G,G,A,A,C,C,A,A,G,G,G,G,C,C,G,C,G,G,G,G,G,A,T,T,G,C,A,A,C,C,C,C,G,G,C,C,G,A,C,C,T,T,A,G,G,G,G,G,C,C,C,C,G,G
HG00608,CHS,EAS,C,C,G,G,C,C,C,T,G,C,G,C,G,G,G,G,A,A,C,C,A,A,G,A,G,T,C,T,C,G,G,G,C,C,A,G,T,T,C,G,A,A,C,T,T,T,G,G,C,C,G,G,G,C,T,T,A,G,G,G,G,G,C,C,C,C,A,G
HG00610,CHS,EAS,C,C,G,G,C,C,T,C,G,G,G,C,G,G,G,G,A,A,C,C,A,A,G,G,T,T,C,C,C,C,G,G,G,G,A,A,T,T,C,C,A,A,C,T,T,C,G,G,C,C,A,G,G,G,T,T,G,G,G,G,C,C,C,T,C,C,G,G
HG00611,CHS,EAS,C,C,G,G,C,T,C,C,C,G,C,C,G,G,G,G,A,G,C,C,A,A,G,A,G,G,C,C,C,C,G,T,G,G,A,A,T,T,C,C,A,A,C,T,C,T,A,G,C,C,A,A,C,C,T,T,A,G,G,G,C,C,T,C,C,C,G,G
HG00613,CHS,EAS,C,C,G,G,C,C,T,C,G,C,C,C,G,G,G,G,A,A,C,C,A,A,G,A,G,G,C,C,G,C,G,G,G,G,A,A,T,T,C,G,A,A,C,C,T,T,G,G,C,C,G,G,G,C,T,T,A,A,G,G,G,G,C,C,C,C,A,G
HG00614,CHS,EAS,C,T,G,G,C,T,T,C,C,G,C,G,G,G,G,G,A,A,C,C,A,A,G,A,G,T,T,C,G,C,G,G,G,G,A,A,T,T,G,C,A,A,C,C,C,T,G,G,C,C,G,A,G,C,C,T,A,A,G,G,G,G,C,C,C,C,G,G
HG00619,CHS,EAS,C,C,G,G,C,C,T,C,G,C,C,C,G,G,G,G,A,A,C,C,A,A,A,G,G,G,C,C,G,C,G,G,C,G,A,A,T,T,G,C,A,A,C,C,C,T,G,G,C,C,G,A,G,C,C,T,A,G,G,G,G,G,C,C,C,C,G,A
HG00620,CHS,EAS,T,T,G,G,C,C,C,T,C,G,G,G,G,G,G,G,A,A,C,C,A,A,G,A,T,G,T,C,G,C,G,T,C,G,A,A,T,T,G,C,A,A,C,C,C,C,G,G,C,C,A,G,G,C,T,T,A,A,G,G,G,G,C,C,C,C,G,G
HG00622,CHS,EAS,C,T,G,G,C,C,C,C,G,G,G,G,G,G,G,G,A,A,C,C,A,A,G,G,G,T,C,C,C,C,G,T,G,C,A,A,T,T,C,C,A,A,C,C,T,C,G,G,C,C,A,G,G,C,T,T,G,G,G,G,G,G,C,C,C,C,G,G
HG00623,CHS,EAS,T,T,G,G,C,T,C,C,G,G,G,C,G,G,G,G,A,A,C,C,A,A,G,G,G,G,T,T,C,C,T,T,G,G,A,A,T,T,C,C,A,A,C,C,T,C,G,G,C,C,G,A,G,G,T,T,G,G,G,G,C,G,C,T,C,C,G,G
HG00625,CHS,EAS,C,C,G,G,C,C,C,C,G,C,G,C,T,G,G,G,A,A,C,C,A,A,G,G,T,G,T,T,C,G,G,G,G,G,A,G,T,T,C,C,A,A,C,C,T,C,G,G,G,C,A,A,C,C,C,T,A,G,G,G,G,G,T,C,C,C,G,G
HG00626,CHS,EAS,C,C,G,G,C,C,C,C,G,C,C,G,G,G,G,A,A,A,C,C,A,A,G,G,G,G,C,T,C,C,T,G,G,C,A,A,T,T,C,C,A,A,C,C,T,T,G,G,C,C,G,A,G,C,T,T,A,G,G,G,G,C,C,T,C,C,G,G
HG00628,CHS,EAS,T,C,G,G,T,C,C,T,G,G,C,C,G,T,G,G,A,A,C,C,A,A,G,A,T,G,C,C,C,C,T,G,C,G,G,G,T,T,C,C,A,A,C,C,T,C,G,G,C,C,A,A,G,G,T,T,A,G,G,G,C,C,C,C,C,C,G,G
HG00629,CHS,EAS,T,C,G,G,T,C,C,C,C,G,C,C,G,G,G,G,A,A,C,C,A,A,G,A,T,G,T,T,C,C,T,G,G,G,A,A,T,T,C,G,A,A,C,C,T,T,G,G,C,C,A,G,C,C,T,T,G,G,G,G,C,G,C,C,C,C,G,G
HG00631,CHS,EAS,C,T,G,G,C,C,C,C,G,G,C,C,G,G,G,G,A,A,T,C,A,A,G,A,G,G,C,C,C,C,T,T,C,C,A,A,T,T,C,C,A,A,C,C,T,T,G,G,C,C,A,G,G,C,T,C,G,G,G,G,G,C,T,C,C,C,G,G
HG00632,CHS,EAS,C,C,G,G,C,C,C,C,G,G,C,G,G,G,G,G,A,A,C,C,A,A,G,G,G,G,C,C,C,C,T,G,G,C,A,A,T,T,C,C,A,A,C,T,T,T,G,G,C,C,A,G,C,C,T,T,A,G,G,G,C,G,C,C,C,C,G,G
HG00634,CHS,EAS,C,C,G,G,C,C,C,C,G,C,G,G,G,G,G,G,A,A,C,C,A,A,G,A,G,G,T,C,C,C,T,T,G,G,A,G,T,T,C,G,A,A,C,C,T,C,G,G,C,C,G,G,C,G,T,T,G,A,G,G,G,G,C,C,C,C,G,G
HG00650,CHS,EAS,C,C,G,G,C,C,C,T,C,G,G,C,G,G,G,G,A,A,C,C,A,A,A,A,G,G,C,T,C,G,G,T,C,C,A,A,T,T,G,C,A,A,C,C,C,T,G,G,C,C,G,A,C,G,T,T,A,G,G,G,G,C,C,C,C,C,G,G
HG00651,CHS,EAS,C,C,G,G,T,C,C,T,C,G,C,C,G,G,G,G,A,A,C,C,A,A,G,A,T,G,T,C,C,G,G,T,C,G,A,A,T,T,G,C,A,A,C,C,T,T,G,G,C,C,G,A,G,G,T,T,A,G,G,G,C,G,C,C,C,C,G,G
HG00653,CHS,EAS,T,C,G,G,C,T,C,T,G,C,G,C,G,G,G,G,A,A,C,C,A,A,A,G,G,T,C,T,C,G,G,T,C,G,A,A,T,T,G,C,A,A,C,C,T,T,G,G,C,C,G,A,G,G,T,T,A,G,G,G,C,G,C,C,C,C,G,G
HG00654,CHS,EAS,C,C,G,G,C,C,C,T,G,C,C,G,G,G,G,G,A,A,C,C,A,A,G,G,G,G,T,C,C,G,G,G,G,G,A,A,T,T,G,C,A,A,C,C,C,C,G,G,C,C,G,A,G,G,T,T,A,A,G,G,G,C,C,C,C,C,G,G
HG00656,CHS,EAS,C,T,G,G,C,C,T,C,C,G,C,C,G,G,G,G,A,A,C,C,A,A,G,A,G,G,T,T,G,C,G,G,C,G,G,G,T,T,G,C,A,A,C,C,T,T,G,G,C,C,G,G,G,C,C,T,A,G,G,G,C,G,C,C,C,C,A,G
HG00657,CHS,EAS,C,T,G,G,C,C,C,C,G,C,G,C,G,G,G,G,A,A,C,C,A,A,A,A,G,G,T,C,C,C,T,G,G,G,A,A,T,T,C,G,A,A,C,C,T,C,G,G,C,C,A,G,G,G,T,T,G,A,G,G,C,G,T,C,C,C,G,G
HG00662,CHS,EAS,C,T,G,G,T,C,T,C,G,C,G,C,G,G,G,G,A,A,C,C,A,A,A,A,G,T,C,C,C,G,G,T,G,G,A,A,T,T,G,C,A,A,C,C,T,T,A,G,C,C,A,G,G,G,T,T,A,G,G,G,C,G,C,C,C,C,G,G
HG00663,CHS,EAS,C,C,G,G,C,C,C,T,C,G,G,G,G,G,G,G,A,A,T,C,A,A,G,G,G,G,T,C,C,G,T,T,G,G,A,A,T,T,C,C,A,A,C,C,C,T,G,G,C,G,G,G,C,G,T,T,A,G,G,G,C,C,C,C,C,C,G,G
HG00671,CHS,EAS,C,C,G,G,T,C,T,C,C,G,C,C,G,G,G,G,A,A,C,C,A,A,A,A,G,G,C,C,G,C,T,T,G,G,A,A,T,T,G,C,A,A,C,C,T,C,G,G,C,C,G,G,G,C,T,T,A,G,G,G,G,C,C,C,C,C,G,G
HG00672,CHS,EAS,C,T,G,G,C,C,T,C,G,C,C,C,G,G,G,G,A,A,C,C,A,A,A,A,G,T,C,C,C,G,T,G,G,G,A,A,T,T,G,C,A,A,C,C,T,C,G,G,C,C,G,A,C,G,C,C,G,A,G,G,C,G,C,C,C,C,A,G
HG00674,CHS,EAS,C,C,G,G,C,C,C,C,G,G,C,C,G,G,G,G,A,A,C,C,A,A,G,A,G,G,C,C,C,C,T,G,C,G,G,A,T,T,C,C,A,A,C,C,C,T,G,G,C,C,A,A,C,C,C,T,G,G,G,G,C,G,C,T,C,C,G,G
HG00675,CHS,EAS,C,C,G,G,C,C,C,C,G,G,C,C,G,G,G,G,A,A,T,C,A,A,A,G,G,G,C,T,C,C,T,G,C,G,G,A,T,T,C,C,A,A,C,C,T,C,G,G,C,C,A,A,G,G,C,T,G,G,G,G,C,C,C,C,C,C,G,G
HG00683,CHS,EAS,C,C,G,G,C,C,C,C,G,G,G,C,G,G,G,G,A,A,C,C,A,A,A,G,G,G,T,C,G,C,G,T,G,G,A,A,T,T,C,G,A,A,C,C,C,T,G,G,C,C,G,G,C,G,T,C,A,G,G,G,C,C,T,C,C,C,G,G
HG00684,CHS,EAS,C,C,G,G,T,C,C,T,C,G,G,G,G,G,G,G,A,A,C,C,A,A,G,G,T,T,T,C,C,G,G,G,G,G,A,A,T,T,C,C,A,A,T,C,T,T,G,G,C,C,A,G,G,G,T,T,G,A,G,G,G,C,C,C,C,C,G,G
HG00689,CHS,EAS,C,C,G,G,C,C,T,C,G,C,C,C,G,G,G,G,A,A,C,C,A,A,A,A,T,T,C,T,C,G,G,G,G,G,A,A,T,T,C,C,A,A,C,C,C,T,G,G,C,C,A,G,G,C,T,T,A,A,G,G,G,G,T,C,C,C,G,G
HG00690,CHS,EAS,C,C,G,G,C,C,C,T,G,C,C,C,G,G,G,G,A,A,C,C,A,A,G,G,G,G,C,C,G,C,G,T,C,C,A,A,T,T,G,C,A,A,C,C,T,T,G,G,C,C,A,G,G,G,T,C,A,A,G,G,G,C,C,C,C,C,G,G
HG00692,CHS,EAS,C,T,G,G,C,C,C,T,G,C,G,C,G,G,G,G,A,G,C,C,A,A,G,A,G,G,T,C,G,C,T,G,C,G,A,A,T,T,C,C,A,A,C,C,T,C,A,G,C,C,A,A,C,C,C,C,A,G,G,G,C,G,C,C,C,C,G,G
HG00693,CHS,EAS,T,C,G,G,C,T,T,C,C,G,G,C,G,G,G,G,A,A,C,C,A,A,G,A,G,T,C,C,C,G,G,T,G,G,A,G,T,T,C,C,A,A,C,C,C,T,G,A,C,C,G,G,G,G,T,T,G,A,G,G,C,C,C,C,C,C,G,G
HG00698,CHS,EAS,T,C,G,G,T,C,C,T,G,C,G,C,G,G,G,G,A,A,C,C,A,A,A,A,G,G,C,C,G,C,G,T,C,G,A,A,T,T,C,G,A,A,T,C,T,T,G,G,C,C,G,G,G,C,T,T,G,A,G,G,C,C,C,T,C,C,G,G
HG00699,CHS,EAS,C,C,G,G,C,C,C,T,G,C,C,G,G,G,G,G,A,A,C,C,A,A,A,A,G,G,C,C,G,C,T,G,G,G,G,A,T,T,C,G,A,A,C,T,C,T,G,G,C,C,A,G,C,G,T,T,A,A,G,G,G,C,C,C,C,C,G,G
HG00701,CHS,EAS,C,C,G,G,T,C,C,T,G,C,C,C,G,G,G,G,A,A,C,C,A,A,A,A,G,G,C,T,G,C,T,G,G,G,A,G,T,T,C,G,A,A,C,C,C,T,G,G,C,C,A,A,C,G,T,T,A,G,G,G,G,C,C,C,C,C,G,G
HG00704,CHS,EAS,C,C,G,G,C,C,T,C,G,C,G,G,G,G,G,G,A,A,C,C,A,A,G,A,T,G,C,C,C,G,T,T,G,G,A,A,C,T,C,C,A,A,C,C,C,T,G,G,G,C,G,A,G,C,T,T,A,A,G,G,G,G,C,T,C,C,G,G
HG00705,CHS,EAS,T,C,G,G,C,C,T,C,G,C,C,C,G,G,G,G,A,A,T,T,A,A,G,A,G,G,T,C,C,G,G,T,C,G,G,A,T,T,C,C,A,A,C,C,T,C,G,G,C,C,G,A,G,C,C,T,G,A,G,G,C,G,C,C,C,C,G,G
HG00707,CHS,EAS,T,C,G,G,T,C,C,C,G,C,C,G,G,G,G,G,A,A,C,C,A,A,G,A,G,G,T,C,G,C,T,T,G,G,A,G,T,T,C,G,A,A,C,C,T,T,G,G,C,C,A,A,G,G,T,T,G,A,G,G,C,C,T,T,C,C,G,G
HG00708,CHS,EAS,T,C,G,G,C,T,C,T,C,G,C,C,G,G,G,G,A,A,C,C,A,A,A,A,G,G,C,T,C,C,G,T,G,G,A,G,T,T,C,C,A,A,C,C,C,T,G,G,C,C,G,A,C,G,T,T,G,A,G,G,G,C,T,C,C,C,G,A
HG00717,CHS,EAS,C,T,G,G,C,C,C,C,G,G,C,C,G,G,G,G,A,A,C,C,A,A,G,A,G,G,C,T,C,C,G,G,G,C,G,A,T,T,C,C,A,A,C,C,C,T,G,G,C,C,G,G,G,C,T,T,G,G,G,G,G,G,T,T,C,C,G,G
HG00728,CHS,EAS,C,C,G,G,C,C,C,C,G,G,C,C,G,G,G,G,A,A,C,C,A,A,G,G,G,T,T,T,C,C,T,T,C,C,G,A,T,T,C,C,A,A,C,C,T,T,G,G,C,C,A,A,G,G,C,T,G,G,G,G,C,C,C,C,C,C,G,G
HG00729,CHS,EAS,C,T,G,G,C,C,C,C,G,G,C,C,G,G,G,G,A,G,C,C,A,A,G,G,G,G,C,T,C,C,T,G,G,C,A,G,T,T,C,C,A,A,C,C,T,T,G,G,C,G,A,A,G,G,T,T,G,G,G,G,C,C,C,C,C,C,G,G
HG00759,CDX,EAS,T,C,G,G,C,T,C,C,G,G,C,C,G,G,G,G,A,A,C,C,A,A,G,G,G,G,C,T,C,C,T,T,C,C,A,G,T,T,C,C,A,A,C,C,T,C,G,G,C,C,A,A,G,G,T,C,G,A,G,G,C,G,C,T,C,C,G,G
HG00766,CDX,EAS,T,T,G,G,T,C,C,C,G,G,C,C,G,G,G,G,A,A,C,C,A,A,A,G,G,G,T,T,C,C,T,T,G,G,A,G,T,T,C,C,A,A,C,C,T,T,G,G,C,C,G,A,C,G,C,C,A,G,G,G,C,C,C,C,C,C,G,G
HG00844,CDX,EAS,T,C,G,G,T,C,C,C,G,G,C,G,G,T,G,G,A,A,C,C,A,A,G,A,G,T,C,C,C,C,T,T,C,G,A,G,T,T,C,C,A,A,C,C,C,T,G,G,C,C,A,A,G,G,C,C,A,A,G,G,C,C,C,C,C,C,G,A
HG00851,CDX,EAS,T,T,G,G,T,C,C,C,G,G,G,C,T,G,A,G,A,A,C,C,A,A,G,G,G,G,C,C,C,C,T,T,G,G,G,A,T,T,C,C,A,A,C,C,T,T,G,G,C,C,A,G,G,G,C,T,G,A,G,G,G,C,C,C,C,C,G,A
HG00864,CDX,EAS,C,T,G,G,C,T,C,C,G,G,C,C,T,G,G,G,A,A,C,C,A,A,A,A,G,G,T,C,C,C,T,G,C,C,A,A,T,T,C,C,A,A,C,C,C,T,G,G,C,C,G,A,C,G,T,C,G,G,G,G,C,C,C,C,C,C,G,A
HG00867,CDX,EAS,C,T,G,G,C,C,C,C,G,G,G,C,G,G,G,G,A,A,C,C,A,A,G,A,G,G,C,C,C,C,T,T,G,C,A,G,T,T,C,C,A,A,C,C,C,T,G,G,C,C,G,A,G,G,C,T,A,G,G,G,C,C,C,C,C,C,G,G
HG00879,CDX,EAS,T,C,G,G,T,T,C,C,G,G,C,C,T,G,A,G,A,A,C,C,A,A,G,A,G,G,C,C,C,C,T,T,G,G,A,A,T,T,C,C,A,A,C,T,T,T,G,G,C,C,A,A,G,G,C,T,A,G,G,G,C,G,C,C,C,C,A,G
HG00881,CDX,EAS,T,T,G,G,C,C,C,C,G,G,C,C,T,G,A,G,A,A,C,C,A,A,A,A,G,G,C,C,C,C,G,T,C,G,A,A,T,T,C,C,A,A,C,C,T,C,G,G,C,C,A,G,G,G,C,T,G,A,G,G,G,G,C,C,C,C,A,G
HG00956,CDX,EAS,T,T,G,G,C,C,C,C,G,G,C,C,G,G,G,G,A,A,C,C,A,A,A,A,G,G,C,C,C,C,T,T,G,C,A,A,T,T,C,C,A,A,C,C,T,C,G,G,C,C,A,G,G,C,T,T,A,G,G,G,C,C,C,C,C,C,G,G
HG00978,CDX,EAS,T,T,G,G,T,T,C,C,G,G,G,C,T,G,G,G,A,A,C,C,A,A,G,G,G,G,T,C,C,C,T,G,C,C,G,A,T,T,C,C,A,A,C,C,C,T,G,G,C,C,A,A,G,G,T,T,G,A,G,G,C,C,C,C,C,C,A,G
HG00982,CDX,EAS,C,C,G,G,C,C,C,C,G,G,C,C,G,T,A,G,A,A,C,C,A,A,A,A,G,G,C,C,C,C,G,G,C,C,A,A,T,T,C,C,A,A,C,C,T,T,G,G,C,C,G,A,G,G,C,T,A,G,G,G,C,C,C,C,C,C,G,A
HG01028,CDX,EAS,C,T,G,G,C,C,C,C,G,G,G,C,G,G,G,A,A,A,C,C,A,C,A,A,G,G,C,C,C,C,T,T,G,C,A,A,T,T,C,C,A,A,C,C,T,T,G,G,C,C,A,G,G,G,T,T,A,G,G,G,C,C,C,C,C,C,G,A
HG01029,CDX,EAS,T,C,G,G,C,C,C,C,G,G,C,G,G,G,A,G,A,A,C,C,A,C,A,A,T,G,C,C,C,C,G,T,G,G,A,G,T,T,C,C,A,A,C,T,T,T,G,G,C,C,A,G,G,G,T,C,A,G,G,G,C,C,C,C,C,C,A,G
HG01031,CDX,EAS,T,C,G,G,C,C,C,C,G,G,C,G,G,G,G,G,A,A,C,C,A,A,A,G,T,T,C,T,C,C,T,T,G,C,A,A,T,T,C,C,A,A,C,C,T,T,G,G,C,C,A,A,G,G,T,T,A,A,G,G,G,C,C,C,C,C,G,G
HG01046,CDX,EAS,T,C,G,G,T,C,C,C,G,G,G,C,T,G,G,G,A,A,C,C,A,A,A,G,G,T,C,T,C,C,G,T,C,G,A,A,T,T,C,C,A,A,C,C,T,T,G,G,C,C,A,A,G,C,T,T,G,A,G,G,C,C,C,T,C,C,A,G
HG01595,KHV,EAS,T,C,G,G,C,C,C,C,G,G,C,C,T,G,G,A,A,A,C,C,A,A,A,G,G,G,C,T,C,C,T,T,G,G,A,A,T,T,C,C,A,A,C,C,T,C,G,G,C,C,G,A,G,C,T,C,G,G,G,G,G,G,C,C,C,C,G,A
HG01596,KHV,EAS,C,C,G,G,T,C,C,C,G,G,G,C,T,G,A,G,A,A,C,C,A,A,A,A,G,G,T,T,C,C,G,T,C,G,G,A,T,T,C,C,A,A,T,C,C,T,G,G,C,C,A,G,C,G,T,T,G,G,G,G,G,C,C,T,C,C,A,G
HG01597,KHV,EAS,C,C,G,G,T,C,C,C,G,G,G,C,T,G,G,A,A,A,C,C,A,A,G,G,G,G,T,C,C,C,T,G,C,G,A,G,T,T,C,C,A,A,T,C,T,T,G,G,C,G,A,G,C,G,T,T,G,G,G,G,C,C,C,C,C,C,G,A
HG01598,KHV,EAS,T,C,G,G,C,C,C,C,G,G,C,C,G,T,G,A,A,A,C,C,A,A,A,A,G,T,C,T,C,C,T,T,C,G,A,A,T,T,C,C,A,A,C,C,C,T,G,G,C,C,G,G,G,G,C,T,G,G,G,G,C,C,C,C,C,C,A,G
HG01599,KHV,EAS,T,T,G,G,C,C,C,C,G,G,G,C,T,G,G,G,A,A,C,C,A,A,A,A,T,T,T,C,G,C,T,T,C,G,A,A,T,T,C,C,A,A,T,C,T,T,G,G,C,C,A,A,G,G,T,T,A,A,G,G,G,C,C,C,C,C,A,G
HG01600,KHV,EAS,C,T,G,G,C,T,C,C,G,G,C,C,G,T,G,G,A,A,C,C,A,A,A,A,T,T,C,T,C,G,T,T,G,C,G,A,T,T,C,C,A,A,C,C,T,T,G,A,C,C,A,G,G,C,T,T,G,A,G,G,G,C,C,C,C,C,G,A
HG01794,CDX,EAS,C,C,G,G,T,C,C,C,G,G,C,C,G,T,G,A,A,A,C,C,A,A,A,A,T,G,C,C,C,C,G,T,G,C,A,A,T,T,C,C,A,A,C,C,T,T,A,G,C,C,G,G,G,G,C,T,G,A,G,G,G,C,C,C,C,C,A,G
HG01795,CDX,EAS,T,C,G,G,T,C,C,C,G,G,C,G,T,G,A,G,A,A,C,C,A,A,A,A,G,G,C,T,C,C,T,T,C,G,A,G,T,T,C,C,A,A,C,C,T,T,G,G,C,C,A,A,G,G,C,T,A,A,G,G,C,C,C,T,C,C,G,A
HG01796,CDX,EAS,C,T,G,G,T,C,C,C,G,G,G,C,G,T,G,A,A,A,C,C,A,A,G,A,G,G,C,T,C,C,T,G,G,G,G,G,T,T,C,C,A,A,C,C,T,T,G,G,C,C,A,A,C,C,T,C,G,A,G,G,G,C,C,C,C,C,A,G
HG01797,CDX,EAS,T,T,G,G,C,C,C,C,G,G,C,G,T,G,A,G,A,A,C,C,A,A,A,A,G,G,C,C,C,C,T,T,G,C,A,A,T,T,C,C,A,A,C,C,T,T,G,G,C,C,A,G,G,G,C,C,G,A,G,G,G,C,T,C,C,C,A,G
HG01798,CDX,EAS,T,T,G,G,T,C,C,C,G,G,G,C,G,T,G,A,A,A,C,C,A,A,A,A,G,G,T,C,C,C,G,G,C,G,A,A,T,T,G,C,A,A,C,C,T,T,G,G,C,G,G,A,G,G,T,T,A,G,G,G,G,C,C,C,C,C,A,G
HG01799,CDX,EAS,C,T,G,G,C,T,C,C,G,G,G,C,T,G,A,G,A,A,C,C,A,A,G,G,G,T,T,C,C,C,T,T,C,C,G,A,T,T,C,C,A,A,C,C,T,C,G,G,C,C,A,A,G,G,T,C,A,A,G,G,C,G,C,T,C,C,G,A
HG01800,CDX,EAS,T,C,G,G,C,T,C,C,G,G,C,G,G,T,A,G,A,A,C,C,A,A,A,A,T,G,T,C,C,C,G,T,C,C,G,A,T,T,C,C,A,A,C,C,T,C,G,G,C,C,A,A,G,G,T,T,G,A,G,G,C,C,C,C,C,C,G,A
HG01801,CDX,EAS,T,C,G,G,T,C,C,C,G,G,C,C,G,T,G,A,A,A,C,C,A,A,A,A,G,G,C,C,C,C,T,G,G,G,A,A,T,T,C,C,A,A,C,C,T,T,G,G,C,C,A,A,G,G,T,C,G,A,G,G,G,C,C,C,C,C,A,G
HG01802,CDX,EAS,C,T,G,G,C,C,C,C,G,G,G,G,T,G,G,A,A,A,C,C,A,A,A,A,G,G,C,C,C,C,T,T,G,G,G,G,T,T,C,C,A,A,C,C,C,C,G,G,C,C,A,G,G,G,C,T,G,A,G,G,C,G,C,C,C,C,G,A
HG01804,CDX,EAS,C,T,G,G,C,C,C,C,G,G,C,C,G,T,G,A,A,A,C,C,A,A,A,A,G,G,C,C,C,G,T,T,C,C,A,G,T,T,C,C,A,A,C,C,T,T,G,G,C,C,A,G,G,G,C,T,G,A,G,G,C,G,C,C,C,C,G,A
HG01805,CDX,EAS,C,T,G,G,T,C,C,C,G,G,C,C,G,T,A,G,A,A,C,C,A,A,A,A,G,G,T,T,C,C,T,G,G,C,A,A,T,T,C,C,A,A,C,C,T,T,G,G,C,C,A,A,G,G,T,T,G,A,G,G,C,C,C,C,C,C,G,A
HG01806,CDX,EAS,C,C,G,G,C,C,C,C,G,G,C,C,T,G,G,A,A,A,C,C,A,A,A,A,T,G,T,T,C,C,T,T,C,C,A,A,T,T,C,C,A,A,C,C,T,C,G,G,C,C,G,A,G,G,C,C,G,A,G,G,C,C,C,C,C,C,G,A
HG01807,CDX,EAS,C,T,G,G,T,T,C,C,G,G,C,C,T,G,A,G,A,A,T,C,A,A,G,A,G,G,T,T,C,C,G,T,C,G,A,G,T,T,C,C,A,A,C,C,T,T,G,G,C,C,A,A,G,G,T,C,A,G,G,G,C,C,C,T,C,C,A,G
HG01808,CDX,EAS,T,C,G,G,T,C,C,C,G,G,G,C,G,T,G,A,A,A,C,C,A,A,G,A,T,T,T,C,C,C,T,T,G,G,G,A,T,T,C,C,A,A,C,C,C,T,G,G,C,C,G,G,C,G,T,T,G,A,G,G,C,C,C,C,C,C,G,A
HG01809,CDX,EAS,C,C,G,G,C,C,C,C,G,G,G,C,T,G,A,G,A,A,C,C,A,A,A,A,T,G,T,C,C,C,T,T,G,C,G,A,T,T,C,C,A,A,C,C,T,T,A,G,C,C,G,A,G,G,T,C,A,G,G,G,C,C,C,C,C,C,G,A
HG01810,CDX,EAS,T,T,G,G,C,C,C,C,G,G,G,C,G,T,A,G,A,A,C,C,A,A,A,A,G,G,C,C,C,C,G,T,G,G,A,A,T,T,C,C,A,A,C,C,C,C,G,G,C,C,G,A,G,G,T,T,A,A,G,G,G,C,C,C,C,C,A,G
HG01811,CDX,EAS,C,T,G,G,C,T,C,C,G,G,C,C,G,T,A,G,A,A,C,C,A,A,A,A,G,T,T,T,C,C,T,T,G,C,A,G,T,T,C,C,A,A,C,C,C,C,G,G,C,C,A,A,G,G,T,C,G,A,G,G,C,C,C,C,C,C,G,G
HG01812,CDX,EAS,T,T,G,G,C,T,C,C,G,G,C,C,T,G,A,G,A,A,C,C,A,A,A,G,T,G,T,T,C,C,T,G,C,G,A,A,T,T,C,C,A,A,C,C,T,C,G,G,C,C,A,A,G,G,T,T,G,A,G,G,C,C,T,C,C,C,G,A
HG01813,CDX,EAS,T,C,G,G,C,C,C,C,G,G,C,C,T,G,A,G,A,A,C,C,A,A,A,A,G,G,T,T,C,C,T,T,G,C,A,G,T,T,C,C,A,A,C,C,T,T,G,G,C,C,A,G,G,G,T,C,G,A,G,G,C,C,C,C,C,C,G,A
HG01815,CDX,EAS,C,T,G,G,C,C,C,C,G,G,C,C,G,T,A,G,A,A,C,C,A,A,G,A,G,G,T,C,C,G,T,T,C,G,G,G,T,T,C,C,A,A,C,C,C,T,G,G,C,G,G,G,C,G,T,C,G,A,G,G,C,C,T,C,C,C,A,G
HG01816,CDX,EAS,C,T,G,G,C,T,C,C,G,G,G,C,G,T,A,G,A,A,C,C,A,A,A,G,G,T,T,C,C,C,T,T,C,C,A,G,T,T,C,C,A,A,C,C,T,T,A,G,C,C,G,A,C,G,T,T,A,G,G,G,C,C,C,C,C,C,A,G
HG01817,CDX,EAS,T,T,G,G,T,C,C,C,G,G,C,G,T,G,G,A,A,G,C,C,A,A,G,G,G,T,C,C,C,C,T,T,G,C,A,A,T,T,C,C,A,A,C,C,T,T,G,G,C,C,G,A,G,G,T,C,G,A,G,G,G,C,C,C,C,C,A,G
HG01840,KHV,EAS,T,C,G,G,C,C,C,C,G,G,G,C,T,G,G,A,A,A,C,C,A,A,A,A,G,G,T,C,C,C,T,G,C,C,G,A,T,T,C,C,A,A,C,C,T,T,G,G,C,C,A,G,G,G,T,C,A,G,G,G,G,C,C,C,C,C,G,A
HG01841,KHV,EAS,T,C,G,G,C,T,C,C,G,G,C,C,T,G,G,A,A,A,C,C,A,A,A,A,G,G,T,T,C,C,T,G,G,G,G,A,T,T,C,C,A,A,C,C,C,T,G,G,C,C,A,A,G,G,T,T,A,G,G,G,G,G,C,C,C,C,A,G
HG01842,KHV,EAS,T,C,G,G,C,C,C,C,G,G,C,C,T,G,G,A,A,A,C,T,A,A,G,A,T,G,T,C,G,C,T,G,C,G,G,A,T,T,G,C,A,A,C,T,T,T,G,G,C,C,A,G,G,G,T,T,A,A,G,G,C,G,C,C,C,C,A,G
HG01843,KHV,EAS,C,C,G,G,C,T,C,C,G,G,G,G,T,G,G,A,A,A,C,C,A,A,A,A,T,G,C,C,C,C,G,T,C,G,G,A,T,T,C,G,A,A,C,C,T,T,G,G,C,C,A,A,G,G,T,C,G,A,G,G,G,G,C,C,C,C,G,A
HG01844,KHV,EAS,C,T,G,G,T,C,C,C,G,G,G,G,T,G,A,G,A,A,C,C,A,A,G,A,G,G,T,T,C,C,T,G,C,C,G,A,T,T,C,C,A,A,C,C,T,T,G,G,C,C,G,G,C,G,T,C,A,G,G,G,C,G,C,C,C,C,G,A
HG01845,KHV,EAS,C,C,G,G,C,C,C,C,G,G,C,C,G,T,G,A,A,A,C,C,A,A,G,A,G,G,C,C,C,C,T,T,G,G,A,A,T,T,C,C,A,A,C,C,T,T,G,G,C,C,A,G,G,G,T,T,G,A,G,G,C,G,C,C,C,C,A,G
HG01846,KHV,EAS,C,C,G,G,C,C,C,C,G,G,C,C,G,T,A,G,A,A,T,C,A,C,A,G,G,G,T,T,G,C,G,T,G,C,A,A,T,T,C,C,A,A,C,C,T,C,G,G,C,C,A,G,G,G,T,T,A,A,G,G,C,C,C,C,C,C,G,A
HG01847,KHV,EAS,T,C,G,G,C,T,C,C,G,G,C,C,G,T,A,G,A,A,C,C,A,A,A,A,G,G,C,T,C,G,T,T,G,G,A,A,T,T,C,C,A,A,C,C,T,T,G,G,C,C,A,G,G,G,T,T,A,G,G,G,G,G,C,C,C,C,G,A
HG01848,KHV,EAS,T,C,G,G,C,C,C,C,G,G,C,C,G,T,G,A,A,A,C,C,A,C,A,A,G,G,T,C,C,C,G,G,C,G,G,A,T,T,C,C,A,A,C,T,T,T,G,G,C,C,A,G,G,C,T,C,A,G,G,G,G,C,C,C,C,C,A,G
HG01849,KHV,EAS,C,C,G,G,C,T,C,C,G,G,C,C,T,G,A,G,A,A,C,C,A,A,A,G,G,T,C,C,C,C,T,G,C,C,G,A,T,T,G,C,A,A,C,C,T,C,G,G,C,C,A,A,G,G,C,T,G,A,G,G,C,C,C,C,C,C,A,G
HG01850,KHV,EAS,C,T,G,G,T,C,C,C,G,G,C,C,T,G,A,G,A,A,C,C,A,C,G,A,G,G,T,T,C,C,G,T,G,G,G,G,T,T,C,C,A,A,C,C,C,T,G,G,C,C,G,A,G,C,T,C,A,G,G,G,C,C,C,C,C,C,G,A
HG01851,KHV,EAS,C,T,G,G,C,C,C,C,G,G,C,C,T,G,G,A,A,A,T,C,A,A,A,A,G,G,C,C,C,C,T,T,C,C,A,A,T,T,C,C,A,A,C,C,T,T,G,G,C,G,G,A,C,G,C,T,A,A,G,G,C,C,C,T,C,C,G,A
HG01852,KHV,EAS,T,C,G,G,C,C,C,T,G,G,G,G,T,G,G,A,A,A,C,C,A,A,A,A,G,G,T,T,C,C,G,T,C,G,A,A,T,T,C,C,A,A,C,C,T,C,G,G,C,C,G,A,G,G,T,T,A,A,G,G,G,C,C,C,C,C,G,A
HG01853,KHV,EAS,C,C,G,G,C,T,C,C,G,G,C,G,T,G,A,G,A,G,C,C,A,A,A,G,G,G,C,T,C,C,T,T,G,G,A,A,T,T,C,C,A,A,C,C,C,T,G,G,C,C,A,A,C,G,T,T,A,G,G,G,C,C,C,C,C,C,G,A
HG01855,KHV,EAS,T,T,G,G,C,C,C,C,G,G,C,G,G,T,G,A,A,A,C,C,A,A,A,G,G,G,C,C,C,C,T,G,G,G,A,G,T,T,C,C,A,A,C,T,C,T,G,G,C,C,A,A,C,C,T,C,G,A,G,G,C,C,C,C,C,C,A,G
HG01857,KHV,EAS,C,T,G,G,C,C,C,C,G,G,C,C,G,T,G,A,A,A,C,C,A,A,A,A,G,T,T,C,C,G,G,T,G,G,A,A,T,T,C,C,A,A,C,C,T,T,G,G,C,C,A,A,G,G,C,C,G,A,G,G,C,C,T,C,C,C,G,A
HG01858,KHV,EAS,T,C,G,G,T,T,C,C,G,G,C,C,T,G,G,A,A,A,C,C,A,A,G,G,T,T,T,C,C,C,T,T,C,G,G,A,T,T,C,C,A,A,C,C,T,T,G,G,C,C,A,A,G,G,C,C,A,A,G,G,C,C,C,C,C,C,A,G
HG01859,KHV,EAS,T,C,G,G,T,C,C,C,G,G,C,C,G,T,A,G,A,A,C,C,A,A,G,A,G,G,C,C,C,C,T,G,G,G,A,A,T,T,C,C,A,A,C,C,C,T,G,G,C,C,A,A,G,G,T,T,A,G,G,G,G,C,C,C,C,C,A,G
HG01860,KHV,EAS,C,T,G,G,C,C,C,C,G,G,C,G,G,T,A,G,A,A,C,T,A,A,A,A,G,G,T,T,C,C,T,G,C,C,G,A,T,T,C,C,A,A,C,C,C,C,G,G,G,G,G,A,G,G,T,T,A,A,G,G,C,C,C,T,C,C,G,A
HG01861,KHV,EAS,C,C,G,G,C,C,C,C,G,G,C,C,T,G,A,G,A,A,C,C,A,A,A,G,G,G,T,T,C,C,G,T,C,C,A,G,T,T,C,C,A,A,C,C,C,T,G,G,C,C,A,A,C,G,T,C,G,A,G,G,G,C,C,C,C,C,A,G
HG01862,KHV,EAS,C,C,G,G,C,C,C,C,G,G,G,C,G,G,G,G,A,A,C,C,A,A,A,A,T,G,T,C,C,C,T,T,G,C,A,A,T,T,C,C,A,A,T,C,T,T,G,A,C,C,G,A,G,C,T,T,G,G,G,G,G,C,C,C,C,C,G,G
HG01863,KHV,EAS,C,C,G,G,C,C,C,C,G,G,G,G,G,G,G,G,A,A,C,C,A,A,A,A,T,G,C,C,C,C,T,G,G,G,A,A,T,T,C,C,A,A,C,C,T,T,G,G,C,G,G,G,G,G,C,T,G,G,G,G,C,C,C,C,C,C,G,G
HG01864,KHV,EAS,C,T,G,G,C,C,C,C,G,G,C,G,G,G,G,G,A,A,C,C,A,A,G,A,G,G,C,C,C,C,T,G,G,G,A,A,T,T,C,C,A,A,C,C,T,T,G,G,G,C,A,A,G,C,T,C,G,G,G,G,C,G,C,C,C,C,G,G
HG01865,KHV,EAS,C,T,G,G,C,T,C,C,G,G,C,C,G,G,G,G,A,A,C,C,A,A,A,A,G,G,C,T,C,C,G,G,G,C,A,A,T,T,C,C,A,A,C,C,C,C,G,G,C,G,A,A,G,C,T,T,G,G,G,G,C,C,C,C,C,C,G,G
HG01866,KHV,EAS,C,C,G,G,C,C,C,C,G,G,C,C,G,G,G,G,A,A,C,C,A,A,A,A,G,G,T,C,C,C,T,T,G,G,A,A,T,T,C,C,A,A,C,C,T,T,G,G,C,C,A,A,G,G,T,C,A,G,G,G,C,C,T,C,C,C,G,G
HG01867,KHV,EAS,T,C,G,G,T,C,C,C,G,G,C,C,G,G,G,G,A,A,C,C,A,A,A,A,G,G,C,C,C,C,T,T,C,G,G,A,T,T,C,C,A,A,C,C,T,T,G,G,C,G,A,G,C,G,C,T,G,G,G,G,G,C,T,C,C,C,G,G
HG01868,KHV,EAS,T,C,G,G,C,C,C,C,G,G,G,C,G,G,G,G,A,G,C,C,A,A,A,A,T,G,C,C,C,C,G,T,C,G,A,A,T,C,C,C,A,A,C,C,T,T,G,G,C,C,A,G,G,C,C,C,G,G,G,G,G,G,C,T,C,C,G,G
HG01869,KHV,EAS,C,T,G,G,C,C,C,C,G,G,C,C,G,G,G,G,A,A,C,C,A,A,G,A,G,G,C,T,C,C,G,T,C,C,A,A,T,T,C,C,A,A,C,C,T,C,G,G,C,C,A,A,G,G,C,C,G,G,G,G,C,C,C,C,C,C,G,G
HG01870,KHV,EAS,C,T,G,G,C,C,C,C,G,G,G,C,G,G,G,G,A,A,C,C,A,A,G,A,G,G,C,T,C,C,G,G,C,G,A,A,T,T,C,C,A,A,C,C,T,T,G,G,C,C,G,G,G,G,C,T,G,G,G,G,C,C,C,C,C,C,G,G
HG01871,KHV,EAS,C,T,G,G,C,C,C,C,G,G,C,G,G,G,G,G,A,A,C,C,A,A,A,A,G,G,C,T,C,C,G,G,C,C,A,G,T,T,C,C,A,A,C,C,T,T,G,G,C,C,A,G,G,C,T,C,G,G,G,G,C,G,C,C,C,C,G,G
HG01872,KHV,EAS,C,T,G,G,C,T,C,C,G,G,C,C,G,G,G,G,A,A,C,C,A,C,A,A,G,G,T,C,C,C,T,T,G,G,A,A,T,T,C,C,A,A,C,C,C,T,G,G,C,C,G,A,C,G,T,C,G,G,G,G,C,C,C,T,C,C,G,G
HG01873,KHV,EAS,T,C,G,G,T,T,C,C,G,G,C,G,G,G,G,G,A,A,C,C,A,A,A,A,G,G,C,T,C,C,G,T,C,G,A,A,T,T,C,C,A,A,C,T,T,T,G,G,G,C,A,A,G,G,C,T,G,G,G,G,G,G,C,C,C,C,G,G
HG01874,KHV,EAS,C,T,G,G,C,T,C,C,G,G,C,G,G,G,G,G,A,A,C,C,C,A,G,A,G,G,C,T,C,C,T,T,G,C,G,G,T,T,C,C,A,A,C,C,C,T,G,G,C,C,G,A,G,G,T,C,G,G,G,G,C,G,C,C,C,C,G,G
HG01878,KHV,EAS,T,C,G,G,C,T,C,C,G,G,C,C,G,G,G,G,A,A,C,T,A,A,A,G,G,G,C,C,C,C,T,T,G,G,A,A,T,T,C,C,A,A,C,C,T,C,G,G,C,C,A,A,G,G,T,T,G,G,G,G,G,C,C,C,C,C,G,G
HG02016,KHV,EAS,C,T,G,G,C,C,C,C,G,G,G,C,G,G,G,G,A,A,C,C,A,A,A,A,G,G,C,T,C,C,T,T,G,C,G,A,T,T,C,C,A,A,C,C,C,T,G,G,C,C,A,A,G,G,T,C,G,G,G,G,G,C,C,T,C,C,G,G
HG02017,KHV,EAS,T,C,G,G,C,C,C,C,G,G,C,C,G,G,G,G,A,A,C,C,A,A,G,A,G,G,T,T,C,C,G,T,C,G,A,A,T,T,C,C,A,A,C,C,T,C,G,G,C,C,A,A,G,C,T,C,G,G,G,G,G,C,C,C,C,C,G,G
HG02019,KHV,EAS,C,C,G,G,C,C,C,C,G,G,G,G,G,G,G,G,A,A,C,C,A,A,A,G,T,T,T,C,C,C,G,T,G,G,G,G,T,T,C,C,A,A,C,C,T,T,G,G,C,C,G,A,G,G,T,T,G,G,G,G,G,G,C,C,C,C,G,G
HG02020,KHV,EAS,T,T,G,G,C,C,C,C,G,G,C,C,G,G,G,G,A,A,C,C,A,A,A,A,G,G,T,C,C,C,G,T,C,C,A,A,T,T,C,C,A,A,C,C,T,T,G,G,C,C,A,A,G,C,T,C,G,G,G,G,C,C,C,C,C,C,G,G
HG02023,KHV,EAS,T,C,G,G,C,C,C,C,G,G,C,C,G,G,G,G,A,A,C,C,A,A,G,A,T,G,T,C,C,C,G,G,G,C,A,A,T,T,C,C,A,A,C,C,T,T,G,G,C,C,A,A,G,C,T,C,G,G,G,G,G,C,C,C,C,C,G,G
HG02025,KHV,EAS,C,T,G,G,C,T,C,C,G,G,G,C,G,G,G,G,A,A,C,C,A,A,A,A,G,G,C,C,C,C,T,T,C,G,A,G,T,T,C,C,A,A,C,C,T,C,G,G,C,C,G,A,G,G,T,C,G,G,G,G,G,C,C,C,C,C,G,G
HG02026,KHV,EAS,C,T,G,G,C,C,C,C,G,G,C,C,G,G,G,G,A,A,C,C,A,C,G,A,G,G,C,T,C,C,G,T,G,C,G,G,T,C,C,C,A,A,C,C,C,C,G,G,C,C,A,G,G,G,T,C,G,G,G,G,C,C,C,C,C,C,G,G
HG02028,KHV,EAS,C,C,G,G,C,C,C,C,G,G,C,C,G,G,G,G,A,A,C,C,A,A,G,A,G,G,C,C,C,C,T,G,G,G,G,A,T,T,C,C,A,A,C,C,T,T,G,G,G,C,G,A,G,G,T,T,G,G,G,G,C,G,C,C,C,C,G,G
HG02029,KHV,EAS,T,C,G,G,C,C,C,C,G,G,G,G,G,G,G,G,A,A,C,C,A,A,A,A,G,G,T,C,C,C,G,G,G,G,G,G,T,T,C,C,A,A,C,C,T,T,G,G,C,C,A,G,G,G,C,T,G,G,G,G,G,G,C,C,C,C,G,G
HG02031,KHV,EAS,T,T,G,G,C,C,C,C,G,G,C,G,G,T,A,G,G,A,C,C,A,A,A,G,T,G,T,C,G,C,T,T,G,C,A,A,T,T,C,G,A,A,C,C,T,T,G,G,G,C,A,G,G,C,T,T,A,G,G,G,G,G,C,C,C,C,A,G
HG02032,KHV,EAS,C,T,G,G,C,C,C,C,G,G,C,G,G,T,G,A,A,A,C,C,A,A,A,A,G,T,C,C,C,C,T,T,G,C,G,A,T,T,G,C,A,A,C,C,T,T,G,G,C,C,A,A,G,C,T,T,A,G,G,G,C,G,C,C,C,C,A,G
HG02035,KHV,EAS,C,C,G,G,C,C,C,C,G,G,C,C,G,G,G,G,A,A,C,C,A,A,G,A,G,G,T,T,C,C,T,G,C,G,A,A,T,T,C,C,A,A,C,C,T,T,G,G,C,C,A,G,C,G,C,C,G,G,G,G,G,C,C,C,C,C,G,G
HG02040,KHV,EAS,C,T,G,G,C,C,C,C,G,G,C,C,G,G,G,G,A,A,C,C,A,A,A,A,G,G,T,C,C,C,G,G,C,G,A,A,T,T,C,C,A,A,C,C,T,T,G,G,C,C,A,A,G,G,T,C,G,G,G,G,C,G,T,T,C,C,G,G
HG02047,KHV,EAS,C,T,G,G,C,C,C,C,G,G,G,C,G,G,G,G,A,A,C,C,A,A,A,A,G,G,C,T,C,C,T,T,G,C,A,A,T,T,C,C,A,A,C,T,T,T,G,G,C,C,G,G,G,G,T,C,G,G,G,G,C,C,C,C,C,C,G,G
HG02048,KHV,EAS,T,C,G,G,C,C,C,C,G,G,C,C,G,G,G,G,A,A,C,C,A,A,A,A,G,G,T,T,C,C,T,T,C,G,A,A,T,T,C,C,A,A,C,C,T,T,G,G,C,C,A,G,G,G,C,C,G,G,G,G,C,C,C,T,C,C,G,G
HG02049,KHV,EAS,T,T,G,G,C,C,C,C,G,G,G,C,G,G,G,G,A,A,C,C,A,A,G,A,G,G,T,C,C,C,G,T,G,G,G,A,T,T,C,C,A,A,C,C,T,T,G,G,C,C,A,A,C,G,C,C,G,G,G,G,C,C,C,T,C,C,G,G
HG02050,KHV,EAS,C,T,G,G,T,C,C,C,G,G,G,G,T,G,A,G,A,A,C,C,A,A,G,A,G,G,C,C,C,C,T,G,G,G,G,A,T,T,C,C,A,A,C,C,C,C,G,G,C,C,A,A,C,C,T,C,G,A,G,G,C,C,C,C,C,C,A,G
HG02057,KHV,EAS,C,T,G,G,C,C,C,C,G,G,C,G,G,G,G,G,A,A,C,C,A,A,A,A,T,T,C,C,C,C,T,T,G,C,A,A,T,T,C,C,A,A,C,C,T,C,G,G,C,C,G,A,G,G,C,T,G,G,G,G,C,C,C,C,C,C,G,G
HG02058,KHV,EAS,T,C,G,G,C,C,C,C,G,G,G,C,G,G,G,G,A,A,C,C,A,A,G,A,G,G,C,C,C,C,T,T,C,C,A,A,T,T,C,C,A,A,C,C,T,T,G,G,C,C,A,A,G,C,T,T,G,G,G,G,G,C,C,C,C,C,G,G
HG02060,KHV,EAS,C,T,G,G,C,C,C,C,G,G,G,C,T,G,G,G,A,A,C,C,A,A,G,A,G,G,T,T,G,C,G,G,C,G,G,A,T,T,C,C,A,A,C,C,T,T,G,G,C,C,A,G,G,G,C,T,G,A,G,G,C,C,C,C,C,C,G,A
HG02061,KHV,EAS,C,C,G,G,C,T,C,C,G,G,G,C,G,T,G,A,A,A,C,C,A,A,G,A,T,G,C,C,C,C,G,G,C,G,A,G,T,T,C,C,A,A,C,C,C,T,G,G,C,C,A,G,G,C,T,T,A,G,G,G,C,G,T,C,C,C,A,G
HG02064,KHV,EAS,T,C,G,G,C,C,C,C,G,G,G,C,T,G,G,A,A,A,C,C,A,A,A,G,G,G,C,T,C,C,T,T,G,C,A,G,T,T,C,C,A,A,C,C,T,C,G,G,C,C,G,A,G,G,T,T,A,G,G,G,C,C,C,C,C,C,A,G
HG02067,KHV,EAS,T,T,G,G,C,C,C,C,G,G,G,C,G,G,A,G,A,A,C,C,A,A,G,G,G,G,C,C,C,C,T,G,G,C,A,A,T,T,C,C,A,A,C,C,T,T,G,G,C,C,A,A,C,G,T,C,A,G,G,G,G,G,C,C,C,C,G,A
HG02069,KHV,EAS,T,C,G,G,C,C,C,C,G,G,C,C,G,G,G,G,A,A,C,C,A,A,G,G,T,G,C,C,C,C,T,T,C,C,A,A,T,T,C,C,A,A,C,C,T,T,G,G,C,C,G,A,G,G,C,T,G,G,G,G,G,C,C,C,C,C,G,G
HG02070,KHV,EAS,T,C,G,G,T,C,C,C,G,G,C,G,G,G,G,G,A,A,C,C,A,A,A,A,T,G,C,C,C,C,T,T,G,G,A,G,T,T,C,C,A,A,C,C,T,T,G,G,C,C,A,A,G,G,T,T,G,G,G,G,C,C,C,C,C,C,G,G
HG02072,KHV,EAS,T,T,G,G,C,C,C,C,G,G,G,C,G,G,G,G,A,A,C,C,A,A,A,G,G,G,C,C,C,C,G,T,C,G,A,A,T,T,C,C,A,A,C,C,T,T,G,G,C,C,A,G,C,G,T,T,G,G,G,G,C,C,C,C,C,C,G,G
HG02073,KHV,EAS,T,C,G,G,C,C,C,C,G,G,G,C,G,G,G,G,A,A,C,C,A,A,G,G,T,G,C,T,C,C,T,G,G,C,A,A,T,T,C,C,A,A,C,C,T,T,G,G,C,C,A,A,G,C,T,C,G,G,G,G,G,C,C,C,C,C,G,G
HG02075,KHV,EAS,C,T,G,G,T,C,C,C,G,G,C,C,G,G,G,G,A,A,C,C,A,A,G,G,T,G,T,C,C,C,T,T,G,C,G,A,T,T,C,C,A,A,C,C,T,T,G,G,C,C,A,A,G,G,T,C,G,G,G,G,C,C,C,C,C,C,G,G
HG02076,KHV,EAS,C,T,G,G,C,C,C,C,G,G,C,G,G,G,G,G,A,A,C,C,A,A,A,A,G,G,C,C,C,C,T,T,G,G,A,G,T,T,C,C,A,A,C,C,T,T,G,G,C,C,G,A,G,C,C,T,G,G,G,G,G,C,C,C,C,C,G,G
HG02078,KHV,EAS,T,T,G,G,C,C,C,C,G,G,G,G,G,G,G,G,A,A,C,C,A,A,A,G,G,G,T,T,C,C,T,T,G,C,G,A,T,T,C,C,A,A,C,C,T,T,G,G,C,C,A,G,G,G,T,C,G,G,G,G,G,C,C,C,C,C,G,G
HG02079,KHV,EAS,C,C,G,G,T,C,C,C,G,G,C,C,G,G,G,G,A,A,C,C,A,A,A,G,G,G,T,T,C,C,T,T,G,C,G,A,T,T,C,C,A,A,C,C,T,C,G,G,C,C,G,A,G,C,T,T,G,G,G,G,G,C,C,C,C,C,G,G
HG02081,KHV,EAS,T,T,G,G,C,C,C,C,G,G,C,C,G,G,G,G,A,A,C,C,A,A,A,A,G,G,T,T,C,C,G,T,G,C,A,A,T,T,C,C,A,A,C,C,T,T,G,G,C,C,A,A,G,G,T,T,G,G,G,G,G,C,C,C,C,C,G,G
HG02082,KHV,EAS,C,T,G,G,C,C,C,C,G,G,C,C,G,G,G,G,A,A,C,C,A,A,A,A,G,G,C,C,C,C,T,G,C,C,A,G,T,T,C,C,A,A,C,C,T,C,G,A,C,C,A,A,G,G,T,T,G,G,G,G,G,C,T,C,C,C,G,G
HG02084,KHV,EAS,C,C,G,G,C,C,C,C,G,G,C,C,G,G,G,G,A,A,C,C,A,A,A,A,G,T,T,C,C,C,G,T,C,C,A,G,T,T,C,C,A,A,C,C,C,C,G,G,C,C,A,A,C,G,T,C,G,G,G,G,G,C,C,C,C,C,G,G
HG02085,KHV,EAS,T,C,G,G,C,C,C,C,G,G,C,C,G,G,G,G,A,A,C,C,A,A,G,A,G,G,T,T,C,C,T,T,G,G,A,A,T,T,C,C,A,A,C,C,T,T,G,G,C,C,G,A,G,C,C,T,G,G,G,G,C,C,C,T,C,C,G,G
HG02086,KHV,EAS,T,C,G,G,T,C,C,C,G,G,G,C,G,G,G,G,A,A,C,C,A,A,A,A,G,G,C,T,C,C,T,T,C,G,A,G,T,T,C,C,A,A,C,C,T,C,G,G,C,C,A,A,C,G,T,T,G,G,G,G,G,C,C,C,C,C,G,G
HG02087,KHV,EAS,T,C,G,G,T,C,C,C,G,G,C,C,G,G,G,G,A,A,C,C,A,A,A,G,G,G,C,C,C,C,T,T,C,G,G,A,T,T,C,C,A,A,C,T,T,T,G,G,C,C,A,A,G,G,T,C,G,G,G,G,G,C,C,T,C,C,G,G
HG02088,KHV,EAS,T,C,G,G,T,C,C,C,G,G,C,C,G,G,G,G,A,A,C,C,A,A,A,A,G,G,C,T,C,C,G,T,C,C,A,A,T,T,C,C,A,A,C,C,C,C,G,G,C,C,G,A,G,G,C,T,G,G,G,G,C,G,C,C,C,C,G,G
HG02113,KHV,EAS,T,C,G,G,T,C,C,C,G,G,C,C,G,G,G,G,A,A,C,C,A,A,G,A,G,T,T,C,C,C,G,T,C,G,A,A,T,T,C,C,A,A,C,C,T,C,G,G,C,C,A,A,C,G,C,T,G,G,G,G,G,C,C,C,C,C,G,G
HG02116,KHV,EAS,C,C,G,G,T,T,C,C,G,G,G,C,G,G,G,G,A,A,C,C,A,A,A,G,G,T,C,C,C,C,T,T,C,G,G,A,T,C,C,C,A,A,C,C,T,T,G,G,C,C,G,G,C,G,T,T,G,G,G,G,C,C,C,C,C,C,G,G
HG02121,KHV,EAS,T,T,G,G,C,C,C,C,G,G,C,C,G,G,G,G,A,A,C,C,A,A,A,G,G,G,C,C,C,C,T,T,G,C,A,G,T,T,C,C,A,A,C,C,T,T,G,G,C,C,A,A,C,G,C,T,G,G,G,G,C,G,C,C,C,C,G,G
HG02122,KHV,EAS,C,T,G,G,T,C,C,C,G,G,C,C,G,G,G,G,A,A,C,C,A,A,G,A,T,G,C,C,C,C,G,T,G,C,A,A,T,T,C,C,A,A,C,C,T,T,G,G,C,C,G,A,C,G,T,T,G,G,G,G,C,C,C,T,C,C,G,G
HG02127,KHV,EAS,C,C,G,G,C,C,C,C,G,G,C,G,G,G,G,G,A,A,C,C,A,A,G,A,G,G,C,C,C,C,T,G,G,C,A,G,T,T,C,C,A,A,C,C,T,C,G,G,C,C,A,A,C,G,C,C,G,G,G,G,C,C,C,C,C,C,G,G
HG02128,KHV,EAS,C,C,G,G,C,T,C,C,G,G,C,G,G,G,G,G,A,A,C,C,A,A,G,A,T,G,C,T,C,C,G,G,C,G,A,G,T,T,C,C,A,A,T,C,T,T,G,G,C,C,A,A,G,G,T,C,G,G,G,G,C,G,C,C,C,C,G,G
HG02130,KHV,EAS,T,C,G,G,C,C,C,C,G,G,C,C,G,G,G,G,A,A,C,C,A,C,G,A,G,G,C,T,C,C,T,T,G,C,A,A,T,T,C,C,A,A,C,C,T,T,G,G,C,C,A,A,G,G,C,T,A,G,G,G,C,C,C,C,C,C,A,G
HG02131,KHV,EAS,T,C,G,G,C,C,C,C,G,G,C,C,T,G,G,G,A,A,C,C,A,A,A,A,G,G,C,C,C,C,G,T,G,C,A,A,T,T,C,C,A,A,C,C,T,C,G,G,C,C,G,G,G,G,C,C,A,A,G,G,G,C,C,T,C,C,A,G
HG02133,KHV,EAS,C,C,G,G,C,C,C,C,G,G,C,C,G,G,A,G,G,A,C,C,A,A,G,A,G,T,T,C,C,C,G,G,C,G,A,A,T,T,C,C,A,A,C,C,T,T,G,G,C,C,G,A,G,C,C,T,A,A,G,G,C,C,C,C,C,C,A,G
HG02134,KHV,EAS,C,C,G,G,T,C,C,C,G,G,G,C,G,G,A,G,A,A,C,C,A,A,A,G,T,T,T,C,C,C,T,T,G,G,A,A,T,T,C,C,A,A,C,C,T,C,G,G,C,C,A,A,G,G,T,T,G,A,G,G,G,C,C,C,C,C,A,G
HG02136,KHV,EAS,C,C,G,G,C,T,C,C,G,G,G,C,G,T,A,G,A,A,C,C,A,A,G,G,G,G,C,T,C,C,T,T,C,G,A,A,C,T,C,C,A,A,C,C,C,T,G,G,C,C,G,G,G,C,T,C,A,G,G,G,G,G,T,C,C,C,A,G
HG02137,KHV,EAS,T,T,G,G,C,T,C,C,G,G,G,C,T,G,A,G,A,A,C,C,A,A,A,A,T,T,C,T,C,C,T,T,G,C,G,G,T,T,C,C,A,A,C,C,T,T,G,A,C,C,A,A,G,C,C,C,G,A,G,G,C,C,C,C,C,C,G,A
HG02138,KHV,EAS,T,T,G,G,T,T,C,C,G,G,C,G,G,G,G,G,A,A,C,C,A,A,A,G,G,G,C,T,C,C,T,T,G,G,G,A,T,T,C,C,A,A,T,C,T,T,A,G,C,C,A,A,G,G,C,T,G,G,G,G,C,G,C,C,C,C,G,G
HG02139,KHV,EAS,T,T,G,G,C,C,C,C,G,G,C,C,G,G,G,G,A,A,C,C,A,A,G,G,G,G,T,T,C,C,G,T,G,G,A,A,T,T,C,C,A,A,C,C,T,T,G,G,C,C,G,A,G,G,T,T,G,G,G,G,G,C,C,C,C,C,G,G
HG02140,KHV,EAS,T,C,G,G,C,C,C,C,G,G,C,C,G,G,G,G,A,A,C,C,A,A,A,A,G,G,T,T,C,C,G,T,G,G,G,A,T,T,C,C,A,A,C,C,C,C,G,G,C,C,A,A,C,G,T,T,G,G,G,G,C,G,C,C,C,C,G,G
HG02141,KHV,EAS,T,T,G,G,C,C,C,C,G,G,G,G,G,G,G,G,A,A,C,C,A,A,G,A,T,G,C,C,C,C,G,T,G,G,G,G,T,T,C,C,A,A,C,C,T,T,G,G,C,C,A,A,G,G,T,T,G,G,G,G,C,C,C,C,C,C,G,G
HG02142,KHV,EAS,C,C,G,G,T,C,C,C,G,G,G,C,G,G,A,G,A,A,C,C,A,A,G,G,G,T,T,C,C,C,G,G,G,C,A,A,T,T,C,C,A,A,C,C,T,T,G,G,C,C,A,G,G,G,T,C,G,G,G,G,C,C,C,C,C,C,G,A
HG02151,CDX,EAS,C,T,G,G,C,T,C,C,G,G,G,G,T,G,G,A,A,A,C,C,A,A,G,A,T,G,T,C,C,C,T,G,C,C,A,G,T,T,C,C,A,A,C,C,C,T,G,G,C,C,A,G,G,G,C,T,A,G,G,G,C,C,T,C,C,C,A,G
HG02152,CDX,EAS,T,T,G,G,C,C,C,C,G,G,G,C,G,G,G,G,A,A,C,C,A,A,A,A,T,G,C,C,C,C,T,G,G,C,G,A,T,T,C,C,A,A,C,C,T,C,G,G,C,C,A,A,G,G,C,C,G,G,G,G,C,C,C,C,C,C,G,G
HG02153,CDX,EAS,C,C,G,G,C,T,C,C,G,G,G,C,G,G,G,G,A,A,C,C,A,A,G,A,T,T,T,T,C,C,T,T,C,G,A,A,T,T,C,C,A,A,C,C,T,T,G,G,C,C,A,A,G,C,T,C,G,G,G,G,G,C,C,C,C,C,G,G
HG02154,CDX,EAS,C,C,G,G,C,C,C,C,G,G,C,C,G,G,G,G,A,A,C,C,A,A,A,G,G,G,T,C,C,C,G,T,G,C,A,G,T,T,C,C,A,A,C,T,T,T,G,G,C,C,A,A,G,G,C,C,G,G,G,G,C,C,C,C,C,C,G,G
HG02155,CDX,EAS,C,C,G,G,C,C,C,C,G,G,C,C,G,G,G,G,A,A,C,C,A,A,G,G,T,T,T,C,C,C,T,T,G,G,A,A,T,T,C,C,A,A,C,C,T,C,G,G,C,C,G,G,G,G,T,C,G,G,G,G,C,C,C,C,C,C,G,G
HG02156,CDX,EAS,T,T,G,G,C,C,C,C,G,G,C,C,G,G,G,G,A,A,C,C,A,A,A,A,G,G,T,T,C,C,T,T,C,G,A,G,T,T,C,C,A,A,C,T,T,T,G,G,C,C,G,A,G,G,T,T,G,G,G,G,G,C,T,C,C,C,G,G
HG02164,CDX,EAS,C,T,G,G,C,T,C,C,G,G,C,C,G,G,G,G,A,A,C,C,A,A,G,A,G,G,T,C,C,C,T,T,G,G,A,A,T,T,C,C,A,A,C,C,C,T,G,G,C,C,G,A,G,G,T,C,G,G,G,G,C,C,C,C,C,C,G,G
HG02165,CDX,EAS,C,C,G,G,C,C,C,C,G,G,C,C,G,G,G,G,A,A,C,C,A,A,A,A,G,G,T,C,C,C,T,T,C,C,G,A,T,T,C,C,A,A,C,C,C,C,G,G,C,C,A,A,G,G,T,T,G,G,G,G,C,C,C,C,C,C,G,G
HG02166,CDX,EAS,C,C,G,G,C,C,C,C,G,G,G,C,G,G,G,G,A,A,C,C,A,A,A,G,T,G,C,C,C,C,T,G,C,G,A,A,T,T,C,C,A,A,C,C,T,T,G,G,C,C,G,A,G,G,T,T,G,G,G,G,C,C,C,C,C,C,G,G
HG02178,CDX,EAS,C,T,G,G,T,C,C,C,G,G,G,C,G,G,G,G,A,A,C,C,A,A,A,A,G,G,T,T,C,C,T,T,C,C,G,A,T,T,C,C,A,A,C,C,T,T,G,G,C,C,A,A,C,G,C,C,G,G,G,G,C,C,C,C,C,C,G,G
HG02179,CDX,EAS,T,C,G,G,T,T,C,C,G,G,G,C,G,G,G,G,A,A,C,C,A,A,A,G,G,T,T,T,C,C,T,T,C,G,G,A,T,T,C,C,A,A,C,C,C,T,G,G,C,C,G,G,G,G,T,T,G,G,G,G,C,C,C,C,C,C,G,G
HG02180,CDX,EAS,C,T,G,G,C,C,C,C,G,G,C,C,G,G,G,G,A,A,C,C,A,A,A,A,G,G,C,C,C,C,G,G,C,G,A,A,T,T,C,C,A,A,C,C,T,T,G,G,C,C,G,A,C,G,T,T,G,G,G,G,C,C,C,C,C,C,G,G
HG02181,CDX,EAS,C,C,G,G,C,C,C,C,G,G,C,G,G,G,G,G,A,A,C,C,A,A,A,A,G,G,C,C,C,C,T,G,C,C,A,A,T,T,C,C,A,A,C,C,T,C,G,G,C,C,A,G,G,G,T,C,G,G,G,G,C,G,C,C,C,C,G,G
HG02182,CDX,EAS,C,T,G,G,T,T,C,C,G,G,C,G,G,G,G,G,A,A,C,C,A,A,A,G,G,G,C,C,C,C,G,T,G,C,A,A,T,T,C,C,A,A,C,C,T,T,G,G,C,C,G,G,G,G,C,T,G,G,G,G,C,C,C,C,C,C,G,G
HG02184,CDX,EAS,C,T,G,G,T,T,C,C,G,G,C,C,G,G,G,G,A,A,C,C,A,C,G,A,T,G,C,C,C,C,G,T,G,G,G,A,T,T,C,C,A,A,C,C,T,T,A,G,C,C,A,A,G,G,T,T,G,G,G,G,C,G,C,C,C,C,G,G
HG02185,CDX,EAS,T,T,G,G,C,C,C,C,G,G,G,C,G,G,G,G,A,A,C,C,A,A,G,A,T,T,T,C,C,C,T,T,G,G,A,A,T,T,C,C,A,A,C,C,T,T,G,G,C,C,A,A,G,G,T,T,G,G,G,G,C,C,C,C,C,C,G,G
HG02186,CDX,EAS,C,T,G,G,C,C,C,C,G,G,C,C,G,G,G,G,A,A,C,C,A,A,G,A,G,G,T,C,C,C,T,G,G,C,A,A,T,T,C,C,A,A,C,C,T,T,G,G,C,C,A,G,G,G,T,T,G,G,G,G,C,C,C,C,C,C,G,G
HG02187,CDX,EAS,C,T,G,G,C,T,C,C,G,G,C,G,G,G,G,G,A,A,C,C,C,A,A,A,G,G,C,T,C,C,T,G,G,C,A,A,T,T,C,C,A,A,C,C,C,T,G,G,C,C,A,A,G,G,C,T,G,G,G,G,C,C,C,T,C,C,G,G
HG02188,CDX,EAS,T,T,G,G,C,C,C,C,G,G,G,C,G,G,G,G,A,A,C,C,A,A,A,A,G,G,T,C,C,C,T,T,C,C,A,G,T,T,C,C,A,A,C,C,T,T,A,G,C,C,G,A,G,G,T,C,G,G,G,G,C,C,T,C,C,C,G,G
HG02190,CDX,EAS,C,T,G,G,C,C,C,C,G,G,G,G,G,G,G,G,A,A,C,C,C,A,A,G,T,T,C,C,C,C,T,T,C,G,A,A,T,T,C,C,A,A,C,C,C,T,G,G,C,C,G,A,C,G,T,T,G,G,G,G,C,C,C,C,C,C,G,G
HG02250,CDX,EAS,C,T,G,G,C,T,C,C,G,G,C,C,T,G,A,G,A,A,T,C,A,A,G,G,G,T,C,T,C,C,G,T,C,G,G,A,T,T,C,C,A,A,C,C,T,T,G,G,C,C,A,A,G,G,C,T,A,G,G,G,C,C,C,C,C,C,G,A
HG02351,CDX,EAS,T,C,G,G,C,C,C,C,G,G,C,C,T,G,A,G,A,A,C,C,A,C,A,A,T,G,C,C,C,C,T,T,C,C,G,A,T,T,C,C,A,A,C,C,T,T,G,G,C,C,A,A,G,G,C,C,G,A,G,G,G,G,C,C,C,C,A,G
HG02353,CDX,EAS,C,T,G,G,C,C,C,C,G,G,G,C,T,G,G,G,A,A,C,C,A,A,A,A,G,G,T,T,C,C,G,T,G,C,A,G,T,T,C,C,A,A,C,C,T,T,G,G,C,C,A,G,G,G,T,C,A,G,G,G,C,C,C,C,C,C,A,G
HG02355,CDX,EAS,T,C,G,G,C,T,C,C,G,G,C,G,G,T,G,A,A,A,C,C,A,C,A,G,G,G,C,T,C,C,G,G,G,C,G,A,T,T,C,C,A,A,C,C,T,T,G,G,C,C,A,A,G,G,T,C,A,A,G,G,C,C,C,T,C,C,A,G
HG02356,CDX,EAS,T,C,G,G,C,C,C,C,C,G,C,C,T,G,G,A,A,A,C,C,A,A,A,A,G,G,C,C,G,C,G,T,C,C,G,A,T,T,C,C,A,A,C,C,T,T,G,A,C,C,A,A,G,G,T,C,G,A,G,G,C,C,C,C,C,C,G,A
HG02360,CDX,EAS,T,C,G,G,T,C,C,C,G,G,C,C,T,G,G,A,A,A,C,C,A,A,A,A,G,G,C,T,C,C,T,T,G,C,A,A,T,T,C,C,A,A,T,C,C,T,A,G,C,C,A,G,G,G,T,C,A,G,G,G,C,G,C,C,C,C,A,G
HG02364,CDX,EAS,T,C,G,G,T,C,C,C,G,G,C,C,G,T,G,A,A,A,C,C,A,A,G,G,T,T,T,T,C,C,T,T,C,G,A,A,T,T,C,C,A,A,C,C,T,T,G,G,C,C,A,A,G,G,C,C,G,A,G,G,C,G,C,C,C,C,A,G
HG02367,CDX,EAS,C,C,G,G,C,T,C,C,G,G,C,C,T,G,A,G,A,A,C,C,A,A,A,A,G,G,T,T,C,C,T,T,G,G,G,A,T,T,C,C,A,A,C,C,C,T,G,G,C,C,G,A,G,G,C,C,A,G,G,G,C,C,C,C,C,C,A,G
HG02371,CDX,EAS,C,C,G,G,C,C,C,C,G,G,G,C,T,G,G,A,A,A,C,C,A,A,A,G,G,G,T,T,C,C,T,T,C,G,A,A,T,T,C,C,A,A,C,C,C,T,G,G,C,C,A,G,G,G,T,C,A,G,G,G,C,G,C,T,C,C,A,G
HG02373,CDX,EAS,C,T,G,G,C,C,C,C,G,G,C,C,G,T,A,G,A,A,C,C,A,A,G,A,G,T,T,C,C,C,T,T,G,C,G,A,T,T,C,C,A,A,C,C,T,T,G,G,C,C,A,A,G,G,C,T,A,A,G,G,G,C,C,C,C,C,A,G
HG02374,CDX,EAS,T,T,G,G,T,C,C,C,G,G,G,C,T,G,G,A,A,A,C,C,A,A,A,A,G,G,T,C,C,C,T,G,G,C,A,A,T,T,C,C,A,A,C,C,T,T,G,G,C,C,A,G,G,G,T,C,A,G,G,G,C,C,C,C,C,C,G,A
HG02375,CDX,EAS,T,C,G,G,C,C,C,C,G,G,C,G,G,T,A,G,A,A,C,C,A,A,A,A,T,G,C,C,C,C,T,T,C,G,A,A,T,T,C,G,A,A,C,C,T,C,G,G,C,C,A,A,G,G,C,C,G,A,G,G,C,C,C,C,C,C,A,G
HG02379,CDX,EAS,T,C,G,G,C,C,C,C,C,G,G,C,T,G,G,A,A,A,C,C,A,A,A,A,G,G,T,T,C,C,G,G,C,G,A,A,T,T,C,C,A,A,C,C,C,T,G,G,C,C,A,G,G,G,T,C,A,G,G,G,C,C,C,C,C,C,A,G
HG02380,CDX,EAS,T,C,G,G,C,C,C,C,G,C,C,G,T,G,G,A,A,A,C,C,A,A,G,A,T,G,T,C,C,C,T,T,G,C,A,A,T,C,C,G,A,A,C,C,T,T,G,G,C,C,A,A,G,C,C,C,G,A,G,G,C,G,C,T,C,C,A,G
HG02382,CDX,EAS,T,T,G,G,C,C,C,C,G,G,G,C,G,T,A,G,A,A,C,C,A,A,A,A,G,G,C,C,C,C,G,T,G,C,A,G,T,T,C,C,A,A,C,C,T,T,G,G,C,C,G,A,G,G,C,T,A,G,G,G,C,C,C,C,C,C,A,G
HG02383,CDX,EAS,C,T,G,G,C,C,C,T,G,G,C,G,G,T,A,G,A,A,C,C,A,A,A,A,G,G,C,C,G,C,T,T,C,G,A,G,T,T,C,G,A,A,C,C,C,T,G,G,C,C,A,G,C,G,C,T,A,A,G,G,C,G,C,C,C,C,A,G
HG02384,CDX,EAS,T,C,G,G,C,C,C,C,G,G,C,C,T,G,A,G,A,A,C,C,A,A,A,A,T,G,T,T,C,C,T,T,G,G,A,G,T,T,C,C,A,A,C,C,T,T,G,G,C,C,G,A,G,G,C,T,G,A,G,G,C,C,C,C,C,C,A,G
HG02385,CDX,EAS,T,C,G,G,C,C,C,C,G,G,G,C,G,T,A,G,A,A,C,C,A,A,A,A,G,G,C,T,C,C,G,T,C,G,A,A,T,T,C,G,A,A,C,C,T,T,G,G,C,C,A,A,G,G,T,T,G,A,G,G,G,C,C,C,C,C,A,G
HG02386,CDX,EAS,C,C,G,G,C,C,C,C,G,G,C,G,G,T,G,A,A,A,C,C,A,A,A,G,G,G,C,T,C,C,G,T,G,G,G,G,T,T,C,C,A,A,C,C,C,T,G,G,C,C,A,A,G,G,C,C,A,A,G,G,G,G,T,T,C,C,G,A
HG02389,CDX,EAS,T,T,G,G,C,T,C,C,G,G,C,C,T,G,G,A,A,A,C,T,A,A,A,A,G,G,T,T,C,C,T,T,G,G,G,A,T,T,C,C,A,A,C,C,T,T,G,G,C,C,A,A,G,G,T,T,G,A,G,G,C,C,C,C,C,C,A,G
HG02390,CDX,EAS,T,T,G,G,C,C,C,C,G,G,C,C,G,T,A,G,A,A,C,C,A,A,A,G,G,T,T,T,C,C,T,T,C,C,A,A,T,T,C,G,A,A,C,C,C,T,G,A,C,C,G,A,C,G,C,C,G,A,G,G,G,C,C,C,C,C,A,G
HG02391,CDX,EAS,T,C,G,G,C,C,C,C,G,G,C,C,T,G,G,G,A,A,C,C,A,C,G,A,G,T,T,T,C,C,G,G,C,C,G,A,T,T,C,C,A,A,C,C,T,T,G,G,C,C,A,A,C,G,C,C,A,G,G,G,C,C,C,C,C,C,A,G
HG02392,CDX,EAS,C,T,G,G,C,C,C,C,G,G,G,C,G,G,A,G,A,A,C,C,A,A,A,A,G,G,C,T,C,C,G,T,C,C,A,A,T,T,C,C,A,A,C,C,T,T,G,G,C,C,A,G,G,G,T,C,A,A,G,G,C,C,C,C,C,C,A,G
HG02394,CDX,EAS,C,T,G,G,C,T,C,C,G,G,C,C,G,T,A,G,A,A,C,C,A,A,A,A,G,G,T,T,C,C,T,T,G,C,A,A,T,T,C,C,A,A,C,C,T,T,G,G,C,C,G,A,G,G,C,C,A,G,G,G,C,G,C,T,C,C,A,G
HG02395,CDX,EAS,C,C,G,G,C,C,C,C,G,G,C,G,G,T,G,A,A,A,C,C,A,A,G,G,G,G,T,T,C,G,T,G,C,G,G,G,T,T,C,G,A,A,C,C,T,T,A,G,C,C,A,A,G,G,C,C,G,G,G,G,G,C,T,C,C,C,A,G
HG02396,CDX,EAS,C,T,G,G,T,T,C,C,G,G,G,C,T,G,G,G,A,A,C,C,A,A,A,G,G,G,C,T,C,C,T,T,C,G,A,G,T,T,C,C,A,A,C,C,C,T,G,G,C,C,A,A,G,G,T,T,G,A,G,G,C,C,C,C,C,C,G,A
HG02397,CDX,EAS,C,T,G,G,C,C,C,C,G,G,C,C,T,G,G,A,A,A,C,C,A,A,A,A,G,G,T,C,C,C,T,G,G,C,A,A,T,T,C,C,A,A,C,C,C,T,G,G,C,C,G,A,G,G,C,C,A,G,G,G,C,C,C,C,C,C,A,G
HG02398,CDX,EAS,C,T,G,G,C,C,C,C,G,G,G,C,G,T,A,G,A,A,C,C,A,A,A,A,G,G,C,C,C,C,G,T,G,C,A,A,T,T,C,C,A,A,C,C,T,T,G,G,C,C,A,G,G,G,C,T,G,A,G,G,C,C,C,C,C,C,G,A
HG02399,CDX,EAS,T,T,G,G,C,C,C,C,G,G,C,G,T,G,A,G,A,A,C,C,A,A,G,A,G,G,C,T,C,C,T,G,C,C,A,G,T,T,C,C,A,A,C,C,T,C,G,G,C,C,A,G,G,G,C,C,G,A,G,G,C,G,C,C,C,C,A,G
HG02401,CDX,EAS,T,T,G,G,C,T,C,C,G,G,C,C,T,G,G,A,A,A,C,C,A,A,A,A,G,T,T,C,C,C,T,T,G,G,A,A,T,C,C,C,A,A,C,C,C,T,G,G,C,C,G,A,G,G,T,T,A,G,G,G,C,C,C,C,C,C,G,A
HG02402,CDX,EAS,T,T,G,G,C,T,C,C,G,G,C,C,T,G,A,G,A,A,C,C,A,A,A,G,G,G,C,C,C,C,T,T,C,G,A,A,T,T,C,C,A,A,C,C,T,T,G,G,C,C,G,G,G,G,T,T,A,A,G,G,G,G,C,C,C,C,A,G
HG02406,CDX,EAS,T,T,G,G,T,C,C,C,G,G,C,G,T,G,G,A,A,A,C,C,A,A,A,A,G,G,C,T,C,C,T,G,G,G,A,A,T,T,C,C,A,A,C,C,T,T,G,G,C,C,G,A,G,G,C,C,G,A,G,G,C,C,C,T,C,C,A,G
HG02407,CDX,EAS,C,T,G,G,C,C,C,C,G,G,C,C,T,G,A,G,A,A,C,C,A,A,G,G,G,G,C,T,C,C,T,T,C,G,A,A,T,T,C,C,A,A,C,C,T,T,G,G,C,C,A,A,G,G,T,T,G,A,G,G,G,C,T,C,C,C,A,G
HG02408,CDX,EAS,T,C,G,G,C,C,C,C,G,G,C,C,G,G,G,G,A,A,C,C,A,A,G,A,G,T,C,T,C,C,G,T,G,G,A,A,T,T,C,C,A,A,C,C,C,T,G,G,C,C,G,A,G,G,C,T,G,G,G,G,C,C,C,C,C,C,G,G
HG02409,CDX,EAS,C,C,G,G,C,C,C,C,G,G,C,C,T,G,A,G,A,A,C,C,A,A,A,A,G,G,C,T,C,C,G,G,C,C,A,G,T,T,C,C,A,A,C,C,C,T,G,G,C,C,A,A,G,G,T,C,A,G,G,G,C,C,C,C,C,C,G,A
HG02410,CDX,EAS,T,T,G,G,C,C,C,C,G,G,G,C,G,G,G,G,A,A,C,C,A,A,A,A,G,T,C,C,C,C,T,G,C,G,A,A,T,T,C,C,A,A,C,C,T,T,G,G,C,C,G,G,G,G,T,C,G,G,G,G,C,C,C,C,C,C,G,G
HG02512,KHV,EAS,C,C,G,G,C,C,C,C,G,G,C,C,G,G,G,G,A,A,C,C,A,A,A,A,G,G,C,T,C,C,T,G,C,C,A,A,T,T,C,C,A,A,C,C,T,T,A,G,C,C,A,G,G,G,T,T,G,G,G,G,C,C,C,C,C,C,G,G
HG02513,KHV,EAS,T,T,G,G,C,C,C,C,G,G,C,G,G,G,G,G,A,A,C,T,C,A,A,A,G,G,T,C,C,C,G,T,G,G,A,G,T,T,C,C,A,A,C,C,T,T,G,G,C,C,A,G,G,G,C,T,G,G,G,G,G,C,C,T,C,C,G,G
HG02521,KHV,EAS,C,T,G,G,C,C,C,C,G,G,C,C,G,G,G,G,A,A,C,C,A,A,A,A,G,G,T,T,C,C,G,G,C,C,A,A,T,T,C,C,A,A,C,C,T,T,G,G,C,C,G,A,G,C,T,C,G,G,G,G,C,G,C,C,C,C,G,G
HG02522,KHV,EAS,C,C,G,G,C,C,C,C,G,G,G,G,G,G,G,G,A,A,C,C,A,A,A,A,G,G,C,C,C,C,T,T,G,C,A,A,T,T,C,C,A,A,C,C,T,T,G,G,C,C,A,A,G,G,T,T,G,G,G,G,C,G,C,C,C,C,G,G
NA18525,CHB,EAS,C,C,G,G,C,C,C,C,G,G,C,G,G,G,G,G,A,A,C,C,A,A,G,A,T,G,C,C,C,C,G,T,C,G,A,G,T,T,C,C,A,A,C,C,C,C,G,G,C,C,G,A,C,G,T,T,G,G,G,G,G,G,C,T,C,C,G,G
NA18526,CHB,EAS,C,C,G,G,C,C,C,C,G,C,G,C,G,G,G,G,A,A,C,C,A,A,A,G,G,G,C,T,G,C,G,T,G,C,G,G,T,T,C,C,A,A,C,C,C,T,G,G,G,C,A,G,C,G,T,T,A,A,G,G,C,G,T,C,C,C,G,G
NA18528,CHB,EAS,C,C,G,G,C,C,C,C,G,G,C,C,G,G,G,G,A,A,C,C,A,A,G,G,T,G,T,C,C,C,G,G,G,G,A,A,T,T,C,C,A,A,C,C,C,C,G,G,C,C,A,A,C,C,T,T,G,G,G,G,G,C,C,C,C,C,G,G
NA18530,CHB,EAS,T,C,G,G,C,C,T,C,C,G,C,C,G,G,G,G,A,A,C,C,A,A,A,G,G,T,C,C,C,C,G,T,G,G,A,A,T,T,C,C,A,A,C,C,C,C,G,G,C,C,G,G,G,C,T,T,A,G,G,G,G,G,C,T,C,C,G,G
NA18531,CHB,EAS,C,T,G,G,C,C,C,C,G,G,G,G,G,G,G,G,A,A,C,T,A,A,G,A,T,G,T,C,C,C,T,T,C,G,A,A,T,T,C,C,A,A,C,C,C,T,A,G,C,G,G,G,G,C,T,T,G,G,G,G,G,G,C,T,C,C,G,G
NA18532,CHB,EAS,C,C,G,G,T,T,T,C,G,C,C,G,G,G,G,G,A,A,C,C,A,A,A,G,G,T,T,C,C,G,G,G,G,G,A,G,T,T,G,C,A,A,C,C,C,C,G,G,C,C,A,A,G,G,T,T,G,A,G,G,C,G,C,T,C,C,G,G
NA18533,CHB,EAS,C,C,G,G,C,C,C,C,G,G,C,G,G,G,G,G,A,A,C,C,A,A,G,G,G,G,T,C,C,C,G,G,G,G,A,A,T,T,C,C,A,A,C,C,T,C,G,G,C,C,G,A,G,C,T,T,G,G,G,G,G,G,C,C,C,C,G,G
NA18534,CHB,EAS,T,C,G,G,C,C,C,C,G,C,C,C,G,G,G,G,A,A,C,C,A,A,A,G,G,G,C,T,C,C,G,G,G,C,A,G,T,T,C,G,A,A,C,C,C,T,G,G,C,C,G,G,C,C,T,T,A,G,G,G,G,G,C,C,C,C,G,G
NA18535,CHB,EAS,T,C,G,G,C,C,C,C,C,G,G,G,G,T,G,G,A,A,C,C,A,A,A,A,G,T,C,C,C,C,G,G,G,G,A,A,T,T,C,C,A,A,C,C,C,T,G,G,C,C,G,A,C,C,T,T,G,G,G,G,G,G,C,T,C,C,G,G
NA18536,CHB,EAS,T,C,G,G,C,C,C,C,C,G,C,C,G,G,G,G,A,A,C,C,A,A,G,G,G,T,T,C,C,C,G,G,C,G,A,A,T,T,C,C,A,A,C,C,C,C,G,G,C,C,G,A,C,C,T,T,G,A,G,G,G,G,T,C,C,C,G,G
NA18537,CHB,EAS,C,T,G,G,C,C,T,C,G,C,C,G,G,G,G,G,A,A,C,C,A,A,A,A,G,G,C,T,C,G,G,T,G,G,A,A,T,T,C,C,A,A,C,C,T,C,G,G,C,C,G,G,C,G,C,T,G,A,G,G,G,G,C,C,C,C,G,G
NA18538,CHB,EAS,C,C,G,G,C,C,C,C,G,C,G,G,G,G,G,G,A,A,C,C,A,A,A,G,G,G,C,C,C,C,G,T,C,G,A,G,T,T,C,G,A,A,C,C,T,C,A,G,C,C,A,A,G,C,T,T,G,G,G,G,G,G,C,T,C,C,G,G
NA18539,CHB,EAS,C,C,G,G,C,C,C,C,C,G,C,C,T,G,A,G,A,A,C,C,A,A,G,G,G,G,C,C,G,C,G,G,G,G,G,A,T,T,C,G,A,A,C,C,T,C,G,G,C,C,A,G,C,C,T,T,G,G,G,G,C,C,C,T,C,C,G,G
NA18541,CHB,EAS,C,T,G,G,T,C,T,C,C,G,C,G,G,G,G,G,A,A,C,C,A,A,G,G,G,G,T,T,C,C,G,T,G,G,A,A,T,T,C,G,A,A,C,C,T,C,A,A,C,C,G,A,C,C,T,T,G,G,G,G,G,G,T,C,C,C,G,G
NA18542,CHB,EAS,C,T,G,G,C,C,C,T,C,G,C,G,G,G,G,G,A,A,C,C,A,A,A,A,G,G,C,T,C,G,T,G,G,G,G,A,T,T,G,C,A,A,C,C,C,C,G,G,C,C,G,G,C,C,T,T,A,G,G,G,G,C,C,C,C,C,G,G
NA18543,CHB,EAS,C,C,G,G,C,C,C,C,G,C,G,C,G,G,G,G,A,A,C,C,A,A,G,A,T,G,T,T,C,G,T,T,G,G,A,G,T,T,C,C,A,A,T,C,C,C,G,G,C,C,A,A,G,C,C,T,G,A,G,G,G,G,C,T,C,C,G,G
NA18544,CHB,EAS,C,T,G,G,C,C,C,C,G,C,G,C,G,G,G,G,A,A,C,C,A,A,G,G,G,T,T,T,C,G,T,G,G,G,A,A,T,T,C,C,A,A,C,C,C,C,G,G,C,C,G,G,C,G,T,T,A,A,G,G,G,G,C,C,C,C,G,G
NA18545,CHB,EAS,C,T,G,G,C,C,C,C,G,C,G,G,G,G,G,G,A,A,C,C,A,A,A,G,G,G,T,C,C,G,G,G,C,G,G,A,T,T,G,C,A,A,C,C,T,C,G,G,C,C,G,A,G,G,T,T,A,G,G,G,G,C,C,C,C,C,G,G
NA18546,CHB,EAS,C,C,G,G,T,C,C,T,G,C,C,G,G,G,G,G,A,A,C,C,A,A,A,G,G,G,T,T,C,G,T,T,G,G,A,A,T,T,C,C,A,A,T,C,C,C,G,G,G,C,G,G,C,C,T,T,G,A,G,G,G,G,T,C,C,C,G,G
NA18547,CHB,EAS,C,T,G,G,C,C,C,C,C,G,G,C,G,G,G,G,A,A,C,C,A,A,G,G,G,G,C,C,C,C,T,T,G,G,A,A,T,T,C,G,A,A,C,C,C,T,G,G,C,C,G,G,C,C,T,T,A,G,G,G,G,G,C,C,C,C,G,G
NA18548,CHB,EAS,T,T,G,G,T,C,T,C,G,C,G,C,G,G,G,G,A,A,C,C,A,A,A,A,T,T,T,C,C,C,G,G,G,G,A,A,T,T,C,G,A,A,C,C,C,T,G,G,C,C,G,A,C,C,T,T,G,A,G,G,G,G,C,C,C,C,G,G
NA18549,CHB,EAS,C,C,G,G,T,C,C,C,G,C,C,C,G,G,G,G,A,A,C,C,A,A,G,G,G,G,C,C,C,C,T,T,C,C,A,A,T,T,G,C,A,A,C,C,C,C,G,G,G,G,G,A,G,G,T,T,G,A,G,G,G,G,C,C,C,C,G,G
NA18550,CHB,EAS,C,C,G,G,C,C,C,C,C,G,C,C,G,G,G,G,A,A,C,C,C,A,A,A,G,T,C,C,G,C,T,G,C,G,A,A,T,T,C,C,A,A,C,C,T,T,G,G,C,C,A,G,C,G,T,T,G,G,G,G,C,G,C,C,C,C,G,G
NA18552,CHB,EAS,C,C,G,G,C,C,C,T,G,C,C,C,G,G,G,G,A,A,C,C,A,A,A,A,T,G,C,T,C,C,G,G,G,G,A,A,T,T,C,C,A,A,C,C,T,T,G,G,C,C,A,G,C,G,T,T,A,G,G,G,G,G,C,C,C,C,G,G
NA18553,CHB,EAS,T,C,G,G,C,T,T,C,G,C,C,G,G,G,G,G,A,A,C,C,A,C,G,A,T,T,C,C,C,C,G,G,G,G,G,G,T,T,G,C,A,A,C,C,T,C,G,G,C,C,A,A,C,G,T,T,G,G,G,G,G,G,C,T,C,C,G,G
NA18555,CHB,EAS,C,C,G,G,C,C,T,C,C,G,G,C,G,G,G,G,A,A,C,C,A,A,A,G,T,G,T,C,C,G,T,T,G,G,A,A,T,T,C,C,A,A,C,C,T,C,G,G,C,C,A,A,C,G,T,T,A,G,G,G,C,C,C,C,C,C,G,G
NA18557,CHB,EAS,C,C,G,G,C,C,T,C,G,C,C,G,G,G,G,G,A,A,C,C,A,A,A,A,G,T,T,C,C,C,T,G,G,G,A,A,T,T,C,G,A,A,C,C,C,C,G,G,C,C,G,G,C,C,T,T,G,A,G,G,G,G,C,C,C,C,G,A
NA18558,CHB,EAS,C,T,G,G,C,C,C,C,G,C,G,C,G,G,G,G,A,A,C,C,A,A,G,G,T,G,C,C,C,G,G,G,G,G,A,G,T,T,G,C,A,A,C,C,T,C,A,G,C,C,G,G,C,G,T,T,A,G,G,G,G,G,T,C,C,C,G,G
NA18559,CHB,EAS,T,C,G,G,C,T,T,C,G,C,C,C,G,G,G,G,A,A,C,C,A,A,A,A,G,G,T,T,C,G,G,G,G,C,A,A,T,T,C,C,A,A,C,C,C,C,G,G,C,C,A,G,G,C,T,T,A,G,G,G,G,G,C,C,C,C,G,G
NA18560,CHB,EAS,T,T,G,G,T,C,C,T,G,C,G,C,G,G,G,G,A,A,C,C,A,A,G,G,T,G,T,C,C,C,G,G,G,G,G,G,T,T,C,C,A,A,C,C,T,T,G,G,C,C,G,G,C,G,T,T,G,G,G,G,G,G,C,C,C,C,G,G
NA18561,CHB,EAS,C,T,G,G,C,C,C,C,G,C,C,C,G,G,G,G,A,A,C,C,A,A,G,G,G,G,C,C,C,C,T,T,G,G,A,A,T,T,G,C,A,A,C,C,C,C,G,G,C,C,A,G,C,C,T,T,G,A,G,G,G,G,C,T,C,C,G,G
NA18562,CHB,EAS,T,C,G,G,T,C,T,C,C,G,G,G,G,G,G,G,A,A,C,C,A,A,A,G,T,T,C,T,G,C,G,G,G,G,A,A,T,T,C,C,A,A,C,C,C,C,G,A,C,C,A,G,C,G,T,T,A,G,G,G,G,G,C,C,C,C,G,G
NA18563,CHB,EAS,C,T,G,G,C,C,C,C,C,G,C,G,G,G,G,G,A,A,C,T,A,A,A,G,T,T,C,C,G,C,G,G,G,C,G,A,T,T,C,C,A,A,C,C,C,T,G,G,C,C,A,G,G,C,T,T,A,G,G,G,G,G,C,T,C,C,G,G
NA18564,CHB,EAS,C,C,G,G,C,T,C,C,G,C,G,C,G,G,G,G,A,A,C,C,A,A,A,A,T,G,C,T,C,G,G,T,C,C,G,A,T,T,G,C,A,A,C,C,T,T,G,G,C,C,G,G,C,C,T,T,G,A,G,G,G,G,C,C,C,C,G,G
NA18565,CHB,EAS,C,C,G,G,C,C,C,C,G,C,C,C,G,T,G,G,A,A,C,C,C,A,G,A,G,T,T,C,C,G,G,T,C,G,A,A,T,T,C,C,A,A,C,C,T,T,G,A,C,C,G,G,G,G,T,T,G,G,G,G,C,G,T,T,C,C,A,G
NA18566,CHB,EAS,C,C,G,G,C,C,C,T,G,C,C,G,G,G,G,G,A,A,C,C,A,A,A,G,T,T,C,C,G,C,T,G,G,G,A,A,T,T,C,C,A,A,C,C,T,C,G,G,C,C,A,G,G,G,T,T,A,G,G,G,G,G,C,C,C,C,G,G
NA18567,CHB,EAS,C,C,G,G,C,T,C,T,C,G,C,C,G,G,G,G,A,A,C,C,A,A,A,A,G,G,C,T,C,C,G,T,G,G,A,A,T,T,G,C,A,A,C,C,C,C,G,G,C,C,G,G,C,C,T,T,G,G,G,G,G,G,C,C,C,C,G,G
NA18570,CHB,EAS,T,C,G,G,T,C,C,T,C,G,G,C,G,G,G,G,A,A,C,C,A,A,A,G,T,T,C,C,C,G,G,T,G,G,G,A,T,T,C,G,A,A,C,C,C,C,G,G,C,C,G,A,G,C,T,T,A,G,G,G,C,G,C,C,C,C,G,G
NA18571,CHB,EAS,C,C,G,G,T,C,C,T,G,C,C,C,G,G,G,G,A,A,C,C,A,A,A,G,T,G,C,T,C,C,G,G,C,G,A,A,T,T,C,G,A,A,C,C,C,C,G,G,C,C,G,G,C,G,T,T,G,G,G,G,G,G,C,T,C,C,G,G
NA18572,CHB,EAS,C,C,G,G,C,T,C,C,C,G,G,C,G,G,G,G,A,A,C,C,A,A,G,G,G,T,C,C,C,G,G,G,G,C,A,G,T,T,C,G,A,A,C,C,T,C,G,G,C,C,G,A,G,C,T,T,G,G,G,G,G,G,T,C,C,C,A,G
NA18573,CHB,EAS,C,C,G,G,C,C,T,C,G,C,C,C,G,G,G,G,A,A,C,C,A,A,G,A,G,G,C,C,C,C,T,G,G,C,G,A,T,T,G,C,A,A,C,C,T,T,G,G,C,C,G,A,G,C,T,T,A,G,G,G,G,C,C,C,C,C,G,G
NA18574,CHB,EAS,C,C,G,G,C,C,T,C,G,C,C,G,G,G,G,G,A,A,C,C,A,A,G,G,G,T,C,C,C,C,G,T,G,G,A,G,T,T,C,G,A,A,T,C,T,C,G,G,C,C,A,G,C,C,T,T,G,G,G,G,G,G,C,T,C,C,G,G
NA18577,CHB,EAS,C,C,G,G,C,T,C,C,C,G,G,C,G,G,G,G,A,A,C,C,A,A,G,A,T,G,C,C,C,G,T,G,G,G,A,A,T,T,C,G,A,A,C,C,T,C,A,G,C,G,G,A,G,G,T,T,G,G,G,G,G,G,T,C,C,C,G,G
NA18579,CHB,EAS,C,C,G,G,C,T,C,C,G,C,C,G,G,G,G,G,A,A,C,C,A,A,G,G,T,T,T,T,C,C,G,T,G,G,A,A,T,T,G,C,A,A,C,C,C,C,G,G,C,C,G,G,C,C,T,T,A,G,G,G,G,C,C,T,C,C,G,G
NA18582,CHB,EAS,T,C,G,G,C,C,T,C,G,C,G,G,G,G,G,G,A,A,C,C,A,A,G,G,T,G,C,T,C,C,G,G,G,G,A,A,T,T,C,C,A,A,C,C,T,C,G,G,C,C,G,A,G,G,T,T,G,A,G,G,G,G,C,C,C,C,G,G
NA18591,CHB,EAS,C,C,G,G,T,C,C,C,G,G,G,C,G,G,G,G,A,A,C,C,A,A,A,A,G,G,C,C,C,C,G,G,C,G,A,A,T,T,C,C,A,A,C,C,T,T,G,G,C,C,A,G,G,G,T,T,G,G,G,G,G,G,C,T,C,C,G,G
NA18592,CHB,EAS,C,C,G,G,C,T,C,T,G,C,C,C,G,G,G,G,A,A,C,C,A,A,G,A,T,T,C,T,C,C,G,G,G,G,A,A,T,T,C,C,A,A,C,C,T,T,G,G,C,C,G,A,C,C,T,T,G,A,G,G,G,G,T,C,C,C,G,G
NA18593,CHB,EAS,C,C,G,G,C,C,C,C,G,G,C,G,G,G,G,G,A,A,C,C,A,A,A,A,G,G,C,T,C,C,T,G,G,G,A,A,T,T,G,C,A,A,C,C,C,C,G,G,C,C,G,A,G,C,T,T,A,G,G,G,C,G,C,C,C,C,G,G
NA18595,CHB,EAS,C,C,G,G,T,C,C,C,C,G,G,G,G,G,G,G,A,A,C,C,A,A,A,A,G,T,C,T,G,C,G,T,G,G,A,A,T,T,C,C,A,A,C,C,C,T,G,G,C,C,A,G,C,C,T,T,A,G,G,G,G,G,T,C,C,C,G,G
NA18596,CHB,EAS,T,C,G,G,C,C,C,C,C,G,C,C,G,G,G,G,A,A,C,C,A,A,G,G,G,G,C,T,C,C,T,G,G,G,G,G,T,T,C,C,A,A,C,C,C,T,G,A,C,C,G,G,G,C,T,T,G,A,G,G,G,G,T,C,C,C,G,G
NA18597,CHB,EAS,C,C,G,G,C,C,C,C,G,C,G,C,G,G,G,G,A,A,C,C,A,A,A,A,G,T,T,C,C,C,G,G,G,G,G,A,T,T,C,C,A,A,C,C,C,C,G,G,C,C,G,A,G,C,T,T,G,A,G,G,G,G,C,C,C,C,A,G
NA18599,CHB,EAS,C,C,G,G,C,C,C,C,G,G,C,C,G,G,G,G,A,A,C,C,A,A,A,G,G,G,C,C,C,C,T,G,G,G,A,A,T,T,C,C,A,A,C,C,C,C,G,G,C,C,A,G,C,C,T,T,G,A,G,G,G,G,C,C,C,C,G,G
NA18602,CHB,EAS,C,T,G,G,T,C,C,C,G,G,C,G,G,G,G,G,A,A,C,C,A,A,G,G,G,T,C,C,C,C,T,T,G,G,A,G,T,T,C,C,A,A,C,C,C,T,G,A,C,C,G,A,C,C,T,T,A,G,G,G,G,C,C,T,C,C,G,G
NA18603,CHB,EAS,C,C,G,G,C,C,T,C,C,G,C,G,G,G,G,G,A,A,C,C,A,A,A,G,T,T,C,T,C,C,T,T,C,G,A,A,T,T,G,C,A,A,C,C,C,C,G,G,C,C,G,G,C,C,T,T,A,G,G,G,C,G,T,C,C,C,G,G
NA18605,CHB,EAS,C,C,G,G,T,C,C,C,G,C,C,C,G,G,G,G,A,A,C,C,A,A,G,A,T,G,C,C,C,C,T,G,G,C,A,A,T,T,C,C,A,A,C,C,C,C,G,G,C,C,G,G,C,G,T,T,G,A,G,G,G,G,C,C,C,C,G,A
NA18606,CHB,EAS,C,C,G,G,C,C,C,C,G,G,C,C,G,G,G,G,A,A,C,C,A,A,A,G,T,T,C,T,C,C,G,G,G,G,G,A,T,T,C,C,A,A,C,C,C,C,A,G,C,C,A,A,G,G,T,T,A,G,G,G,G,G,T,C,C,C,G,G
NA18608,CHB,EAS,C,T,G,G,C,C,C,T,G,C,C,C,G,G,G,G,A,A,C,C,A,A,G,A,T,T,C,C,C,G,T,T,C,G,G,A,T,T,C,C,A,A,C,C,C,C,G,G,C,C,G,A,C,C,T,T,G,A,G,G,G,G,C,C,C,C,A,G
NA18609,CHB,EAS,C,T,G,G,C,T,T,C,G,C,C,G,G,G,G,G,A,A,C,C,A,A,A,A,G,T,C,T,C,G,G,G,G,C,G,A,T,T,C,C,A,A,C,C,C,C,G,G,C,C,G,A,C,C,T,T,A,G,G,G,G,G,C,C,C,C,G,G
NA18610,CHB,EAS,C,T,G,G,T,C,C,C,G,G,C,C,G,G,G,G,A,A,C,C,A,A,G,G,T,T,T,C,C,C,G,G,C,C,A,A,T,T,C,C,A,A,C,T,C,C,G,G,C,C,A,G,G,C,T,T,A,G,G,G,G,G,C,C,C,C,G,G
NA18611,CHB,EAS,C,C,G,G,C,C,T,C,C,G,G,C,G,G,G,G,A,A,C,C,A,A,G,A,G,G,T,T,G,C,G,G,G,G,A,A,T,T,C,C,A,A,C,C,C,C,G,A,C,C,A,G,C,C,T,T,A,G,G,G,G,C,C,C,C,C,A,G
NA18612,CHB,EAS,C,C,G,G,T,C,C,C,C,G,C,G,G,G,G,G,A,A,C,C,A,A,A,G,G,T,T,C,C,C,G,G,G,G,A,A,T,T,C,C,A,A,C,C,C,C,G,G,C,C,G,G,C,C,T,T,G,G,G,G,G,G,C,C,C,C,G,G
NA18613,CHB,EAS,C,C,G,G,T,T,C,C,G,C,G,G,G,G,G,G,A,A,C,C,A,A,A,A,T,T,C,T,C,C,T,G,G,G,A,A,T,T,C,C,A,A,C,C,T,C,G,G,C,C,A,G,C,C,T,T,A,G,G,G,G,G,T,C,C,C,G,G
NA18614,CHB,EAS,C,T,G,G,C,C,C,C,G,G,C,C,G,G,G,G,A,A,C,C,A,A,A,A,G,G,C,C,C,C,T,G,G,G,A,A,T,T,C,C,A,G,C,C,C,T,G,G,C,C,G,G,C,C,T,T,G,G,G,G,G,G,C,C,C,C,G,G
NA18615,CHB,EAS,C,T,G,G,T,C,C,C,G,G,C,C,G,G,G,G,A,A,C,C,A,A,A,A,G,G,T,C,C,C,T,T,G,C,A,G,T,T,C,C,A,A,C,C,C,C,G,G,C,C,G,G,C,C,T,T,G,G,G,G,G,G,C,C,C,C,G,G
NA18616,CHB,EAS,C,C,G,G,T,C,C,T,C,G,C,C,G,G,G,G,A,A,C,C,A,A,G,G,T,G,C,C,C,C,G,T,G,G,A,G,T,T,C,G,A,A,C,C,T,C,G,G,C,C,G,A,C,G,T,T,G,G,G,G,G,G,C,C,C,C,G,G
NA18617,CHB,EAS,T,T,G,G,C,T,C,C,G,G,C,C,G,G,G,G,A,A,C,C,A,A,G,A,T,G,C,C,C,C,G,G,C,C,A,A,T,T,C,C,A,A,C,C,T,T,G,G,C,C,G,G,C,G,T,T,G,G,G,G,C,G,C,C,C,C,G,G
NA18618,CHB,EAS,C,C,G,G,C,C,C,C,G,G,G,C,G,G,G,G,A,A,C,T,A,A,G,G,G,G,C,C,C,C,G,G,C,G,A,A,T,T,C,C,A,A,C,C,C,C,G,G,C,C,A,A,C,C,T,T,G,G,G,G,G,G,C,C,C,C,G,G
NA18619,CHB,EAS,C,C,G,G,C,C,C,C,G,G,C,C,G,G,G,G,A,A,C,C,A,A,A,A,G,G,C,C,C,C,G,T,G,G,A,A,T,T,C,C,A,A,C,C,C,C,G,G,C,C,A,G,C,C,T,T,G,G,G,G,G,C,T,T,C,C,G,G
NA18620,CHB,EAS,C,C,G,G,C,C,T,C,G,C,G,G,G,G,G,G,A,A,C,C,A,A,G,G,G,G,T,C,C,G,T,T,G,G,A,A,T,T,G,C,A,A,C,C,C,C,G,G,C,C,G,G,C,C,T,T,A,G,G,G,G,G,C,T,C,C,G,G
NA18621,CHB,EAS,C,C,G,G,T,C,C,C,G,C,C,G,G,G,G,G,A,A,C,C,A,A,G,G,G,T,C,T,C,C,G,G,G,C,G,A,T,T,C,C,A,A,C,C,C,C,G,G,C,C,A,A,G,C,T,T,A,G,G,G,G,G,C,C,C,C,G,G
NA18622,CHB,EAS,C,T,G,G,T,C,T,C,C,G,C,G,G,G,G,G,A,A,C,C,A,A,A,G,T,T,T,C,C,C,G,T,G,G,G,A,T,T,G,C,A,A,C,C,C,T,G,G,C,C,G,A,C,C,T,T,A,G,G,G,G,G,C,C,C,C,G,G
NA18623,CHB,EAS,C,C,G,G,C,C,T,C,C,G,G,C,G,G,G,G,A,A,C,C,A,A,G,A,G,G,T,T,C,C,G,T,G,G,A,A,T,T,C,C,A,A,C,C,C,C,G,G,C,C,G,G,C,G,T,T,G,A,G,G,G,G,T,C,C,C,G,G
NA18624,CHB,EAS,C,C,G,G,C,C,T,C,C,G,G,G,G,G,G,G,A,A,C,C,A,A,A,G,G,T,T,T,C,C,T,G,G,G,A,A,T,T,C,C,A,A,C,C,T,C,G,G,C,C,A,G,C,C,T,T,G,A,G,G,G,G,C,C,C,C,G,G
NA18625,CHB,EAS,C,C,G,G,C,C,C,C,G,G,G,G,G,G,G,G,A,A,C,C,C,A,A,A,G,G,C,T,C,C,G,T,G,G,A,A,T,T,C,C,A,A,T,C,T,T,G,G,C,C,A,G,G,C,T,T,G,G,G,G,G,G,C,T,C,C,G,G
NA18626,CHB,EAS,C,C,G,G,C,C,C,C,G,G,G,G,G,G,G,G,A,A,C,C,A,C,A,G,G,T,C,T,C,C,T,G,G,G,A,G,T,T,C,C,A,A,C,C,C,C,G,G,C,G,A,G,C,C,T,T,G,G,G,G,G,G,C,C,C,C,G,G
NA18627,CHB,EAS,C,C,G,G,T,C,C,C,G,G,C,C,G,G,G,G,A,A,C,C,A,A,G,G,G,G,T,C,C,C,G,T,G,C,G,A,T,T,C,C,A,A,C,C,T,C,G,G,C,C,G,A,G,G,T,T,G,G,G,G,G,C,C,C,C,C,G,G
NA18628,CHB,EAS,T,T,G,G,C,C,C,C,G,G,C,G,G,G,G,G,A,A,C,C,A,A,A,A,G,G,C,C,C,C,T,T,G,C,A,A,T,T,C,C,A,A,C,C,C,T,G,G,C,C,A,G,G,G,T,T,G,G,G,G,C,G,C,T,C,C,G,G
NA18629,CHB,EAS,C,C,G,G,C,C,C,C,G,G,C,G,G,G,G,G,A,A,C,C,A,A,G,A,G,G,C,C,C,C,T,G,C,G,G,A,T,T,C,C,A,A,C,C,C,T,G,G,C,C,G,A,G,C,T,T,G,G,G,G,G,G,C,T,C,C,G,G
NA18630,CHB,EAS,C,C,G,G,C,C,C,C,G,G,C,C,G,G,G,G,A,A,C,C,A,A,G,A,G,G,T,C,C,C,T,T,G,G,A,A,T,T,C,C,A,A,C,C,T,T,G,A,C,C,G,A,C,G,C,T,G,G,G,G,G,G,C,C,C,C,G,G
NA18631,CHB,EAS,C,T,G,G,T,C,C,T,G,C,C,C,G,T,A,G,A,A,C,C,A,A,G,G,T,G,C,T,C,C,G,T,G,G,G,G,T,T,C,G,A,A,C,C,T,T,G,G,C,C,A,G,C,G,T,T,G,G,G,G,G,G,C,C,C,C,G,G
NA18632,CHB,EAS,T,C,G,G,C,T,C,T,G,C,C,C,G,G,G,G,A,A,C,C,A,A,A,A,G,G,C,T,C,C,G,T,G,G,A,A,T,T,C,G,A,A,C,C,C,T,G,G,C,C,G,G,G,G,T,T,A,G,G,G,G,G,C,C,C,C,G,G
NA18633,CHB,EAS,C,T,G,G,C,T,C,C,G,C,G,G,G,G,G,G,A,A,C,C,A,A,G,G,G,G,T,T,C,C,G,G,G,G,G,A,T,T,C,G,A,A,C,C,C,C,G,G,C,C,A,A,G,C,T,T,G,A,G,G,G,G,C,C,C,C,G,G
NA18634,CHB,EAS,T,T,G,G,C,C,C,T,G,C,G,C,T,G,G,G,A,A,C,C,A,A,A,G,G,T,T,C,C,C,G,G,G,G,A,A,T,T,G,C,A,A,C,C,C,C,G,G,G,C,A,G,G,C,T,T,G,G,G,G,G,C,C,C,C,C,G,G
NA18635,CHB,EAS,T,C,G,G,C,C,C,T,C,G,G,G,G,G,G,G,A,A,C,C,A,A,G,A,T,T,T,T,G,C,G,G,G,G,A,G,T,T,G,C,A,A,C,C,T,C,G,G,C,C,G,G,G,C,T,T,A,G,G,G,G,C,T,C,C,C,G,G
NA18636,CHB,EAS,C,C,G,G,C,T,C,T,G,C,C,G,G,G,G,G,A,A,C,C,A,C,G,A,G,G,T,C,C,G,T,T,G,G,G,A,T,T,G,C,A,A,C,C,C,T,G,G,C,C,G,A,G,G,C,T,G,A,G,G,C,C,C,C,C,C,G,G
NA18637,CHB,EAS,T,C,G,G,C,C,C,C,C,G,C,C,G,G,G,G,A,A,C,C,A,A,A,G,G,G,T,C,C,G,G,G,G,C,A,A,T,T,G,C,A,A,C,C,T,T,G,G,C,C,G,A,G,G,T,T,A,G,G,G,G,G,C,C,C,C,G,G
NA18638,CHB,EAS,C,T,G,G,C,C,C,C,G,C,G,C,G,G,G,G,A,A,C,C,A,A,G,A,G,G,C,C,C,C,G,G,C,C,A,G,T,T,C,G,A,A,C,C,C,C,G,G,C,C,G,A,C,C,T,T,G,A,G,G,G,G,C,C,C,C,G,G
NA18639,CHB,EAS,C,C,G,G,C,C,C,C,G,G,C,C,G,G,G,G,A,A,C,C,A,A,A,G,G,G,T,C,C,C,G,G,G,C,G,A,T,T,C,C,A,A,C,C,C,C,G,G,C,C,G,G,C,C,T,C,G,G,G,G,G,C,C,C,C,C,G,G
NA18640,CHB,EAS,C,T,G,G,C,C,C,C,G,G,C,G,G,G,G,G,A,A,C,C,A,A,G,A,G,G,C,C,C,C,G,T,G,G,A,A,T,T,C,C,A,A,C,C,T,T,G,G,C,C,A,G,G,G,T,T,G,G,G,G,G,G,T,C,C,C,G,G
NA18641,CHB,EAS,C,C,G,G,C,T,C,C,G,G,C,C,G,G,G,G,G,A,C,C,A,A,A,G,T,G,T,C,C,C,G,T,G,G,A,G,T,T,C,C,A,A,C,C,T,C,G,G,C,C,G,G,C,C,C,T,G,G,G,G,G,C,C,C,C,C,G,G
NA18642,CHB,EAS,C,T,G,G,C,T,C,C,G,G,G,G,G,G,G,G,A,A,C,C,A,A,G,A,G,G,C,C,C,C,G,T,G,G,A,A,T,T,C,C,A,A,C,C,C,C,A,G,C,C,G,A,C,G,T,T,G,G,G,G,G,G,T,T,C,C,G,G
NA18643,CHB,EAS,C,C,G,G,T,C,C,C,G,G,G,G,G,G,G,G,A,A,C,C,A,A,A,G,G,T,C,C,C,C,T,G,G,G,A,G,T,T,C,C,A,A,C,C,T,C,G,G,C,C,A,G,G,G,T,T,G,G,G,G,G,C,C,C,C,C,G,G
NA18644,CHB,EAS,T,C,G,G,T,C,C,C,G,G,G,C,G,G,G,G,A,A,C,C,A,A,G,G,T,T,C,C,C,C,G,T,G,G,A,A,T,T,C,C,A,A,C,T,T,C,G,G,C,C,A,A,C,G,T,T,G,G,G,G,C,G,T,C,C,C,G,G
NA18645,CHB,EAS,C,T,G,G,C,C,C,C,G,G,G,G,G,G,G,G,A,A,C,C,A,A,G,A,G,G,T,C,C,C,G,G,G,G,A,G,T,T,C,C,A,A,C,C,T,C,G,G,C,C,G,G,G,G,T,T,G,G,G,G,G,C,C,C,C,C,G,G
NA18646,CHB,EAS,T,C,G,G,C,C,C,C,G,G,C,C,G,G,G,G,A,A,C,C,A,A,G,G,T,T,C,C,C,C,G,G,G,G,A,A,T,T,C,C,A,A,C,C,T,C,G,A,C,C,G,A,C,G,T,T,G,G,G,G,C,G,C,C,C,C,G,G
NA18647,CHB,EAS,C,C,G,G,C,C,C,C,G,G,C,G,G,G,G,G,A,A,C,C,A,A,A,A,G,T,T,C,C,C,G,G,G,G,A,G,T,T,C,C,A,A,C,C,C,C,G,G,C,C,A,G,C,G,T,T,G,G,G,G,G,G,T,C,C,C,G,G
NA18648,CHB,EAS,C,C,G,G,C,C,C,C,G,G,G,C,G,G,G,G,A,A,C,C,A,A,A,G,G,T,C,T,C,C,G,T,G,G,A,A,T,T,C,C,A,A,C,C,C,C,G,G,C,C,G,G,C,G,T,T,G,G,G,G,G,G,C,C,C,C,G,G
NA18740,CHB,EAS,C,C,G,G,C,C,C,C,G,G,C,C,G,G,G,G,A,A,C,C,A,A,G,G,G,T,T,T,C,C,T,T,G,G,A,A,T,T,C,C,A,A,C,C,C,T,G,G,C,C,G,A,C,C,T,T,G,G,G,G,C,G,C,C,C,C,G,G
NA18745,CHB,EAS,C,C,G,G,T,C,C,C,G,G,G,C,G,G,G,G,A,A,C,C,A,A,A,A,G,T,C,T,C,C,G,G,C,G,G,A,T,T,C,C,A,A,C,C,C,T,G,A,C,C,G,G,C,G,T,T,G,G,G,G,G,G,T,C,C,C,G,G
NA18747,CHB,EAS,T,C,G,G,T,C,C,C,G,G,C,C,G,G,G,G,A,A,C,C,A,A,G,G,G,G,T,C,C,C,T,G,C,G,G,A,T,T,C,C,A,A,C,C,C,C,A,G,C,C,G,G,G,G,T,T,G,G,G,T,G,G,T,C,C,C,G,G
NA18748,CHB,EAS,C,C,G,G,C,C,C,C,G,G,C,C,G,G,G,G,A,A,C,C,A,A,A,A,G,G,T,T,C,C,T,G,G,G,G,A,T,T,C,C,A,A,C,C,C,T,G,G,G,C,A,G,G,C,T,T,G,G,G,G,G,G,C,C,C,C,G,G
NA18749,CHB,EAS,C,C,G,G,C,T,C,C,G,G,G,G,G,G,G,G,A,A,C,C,A,A,A,A,G,G,C,T,C,C,G,G,C,G,A,A,T,T,C,C,A,A,C,C,C,T,G,G,C,C,A,G,C,G,T,T,G,G,G,G,G,C,C,C,C,C,G,G
NA18757,CHB,EAS,C,T,G,G,C,C,C,C,G,G,C,C,G,G,G,G,A,A,C,C,A,A,A,G,G,G,C,T,C,C,G,G,G,C,G,A,T,T,C,C,A,A,C,C,T,C,G,A,C,C,A,A,G,C,T,T,G,G,G,G,G,G,C,C,C,C,G,G
NA18939,JPT,EAS,C,C,G,G,T,C,C,C,G,G,C,G,G,G,G,G,A,A,C,C,A,A,G,G,G,G,T,C,C,C,T,G,C,G,G,A,T,T,C,C,A,A,C,C,C,C,G,G,C,C,A,A,G,C,T,C,G,G,G,G,G,G,C,C,C,C,G,G
NA18940,JPT,EAS,C,T,A,G,T,T,C,T,G,C,G,G,G,G,G,G,G,A,C,C,A,C,A,G,G,T,C,C,G,C,T,G,G,G,G,G,T,T,C,G,A,G,C,C,C,T,G,A,C,C,A,G,C,C,T,T,G,G,G,G,G,G,C,C,C,C,G,G
NA18941,JPT,EAS,C,T,G,G,C,T,C,C,G,G,C,G,G,G,G,G,A,A,C,C,A,A,G,G,G,G,C,C,C,C,T,G,G,G,G,G,T,T,C,C,G,A,C,C,C,C,G,G,C,G,G,A,C,C,T,C,G,G,G,G,G,G,C,C,C,C,G,G
NA18942,JPT,EAS,C,C,G,G,T,T,C,C,G,C,G,G,G,G,G,G,A,A,C,C,A,A,A,A,T,T,C,C,C,G,G,G,G,G,G,A,T,T,C,C,A,A,T,C,T,C,A,A,C,C,A,G,G,C,T,C,G,G,G,G,G,C,C,C,C,C,A,G
NA18943,JPT,EAS,C,C,A,G,T,C,C,C,C,G,G,G,G,G,G,G,A,A,C,C,A,A,A,G,G,T,C,C,C,G,G,G,C,G,G,A,T,T,G,C,A,A,C,C,C,C,A,G,C,C,A,A,C,C,T,T,G,G,G,G,C,G,C,C,C,C,G,G
NA18944,JPT,EAS,C,T,G,G,C,C,T,C,G,C,C,C,G,G,G,G,A,A,C,C,A,A,G,A,T,T,C,C,C,C,G,G,G,G,G,G,T,T,G,C,A,A,C,T,T,C,G,G,C,G,A,A,C,C,T,T,G,A,G,G,G,G,C,C,C,C,G,G
NA18945,JPT,EAS,C,C,G,A,C,C,C,C,C,G,G,G,G,G,G,G,A,A,T,C,A,A,G,A,T,G,C,C,G,C,G,T,G,G,G,G,T,T,G,C,A,A,C,C,C,T,A,A,C,C,A,A,C,C,C,T,G,G,G,G,G,G,C,C,C,C,G,G
NA18946,JPT,EAS,T,C,G,G,C,T,C,C,G,G,C,C,G,G,G,G,G,A,C,C,A,A,G,G,T,G,C,C,C,C,T,G,G,G,A,G,T,T,C,C,A,A,T,C,C,T,G,A,C,C,A,A,C,C,T,T,G,G,G,G,G,G,C,C,C,C,G,G
NA18947,JPT,EAS,C,C,G,G,C,T,C,C,G,C,G,G,G,G,G,G,A,A,C,C,A,C,G,G,T,T,C,C,C,C,G,G,G,G,A,G,T,T,C,C,A,G,C,C,C,C,G,G,C,C,G,A,C,C,T,T,A,G,G,G,G,G,C,C,C,C,G,G
NA18948,JPT,EAS,T,C,G,G,T,C,C,C,G,G,G,G,G,G,G,G,A,A,C,C,A,A,A,G,G,G,T,C,C,G,T,G,G,G,A,A,T,T,C,C,G,A,C,C,C,C,G,A,C,C,A,G,G,C,T,T,G,G,T,G,G,G,C,C,C,C,G,G
NA18949,JPT,EAS,T,C,G,G,C,C,C,C,G,G,G,C,G,G,G,G,A,G,C,C,A,A,G,G,T,G,C,C,C,C,G,G,G,G,G,G,C,T,C,C,A,A,C,C,C,C,A,G,C,C,A,G,C,C,T,T,G,G,G,G,G,G,C,C,C,C,A,G
NA18950,JPT,EAS,C,T,G,G,C,C,C,C,G,C,C,G,G,G,G,G,A,A,C,C,A,A,G,G,G,T,C,C,C,C,G,T,G,G,G,A,T,T,C,C,A,A,C,C,T,C,A,G,C,C,A,G,C,G,T,T,G,G,G,G,G,G,C,C,C,C,G,G
NA18951,JPT,EAS,C,C,G,G,T,C,T,C,G,C,C,C,G,G,G,G,A,A,C,C,A,A,G,G,G,G,C,C,G,C,G,T,G,G,G,G,T,T,G,C,A,A,C,T,C,C,A,G,G,G,G,A,C,C,T,T,G,G,G,G,G,C,C,C,T,C,G,G
NA18952,JPT,EAS,C,T,G,G,C,T,C,C,G,C,G,G,G,G,G,G,A,A,C,T,A,A,G,G,G,T,C,C,C,C,G,G,G,G,G,A,T,T,C,C,G,A,C,C,C,T,G,G,C,C,A,G,G,C,T,T,G,G,T,G,G,G,C,C,C,C,G,G
NA18953,JPT,EAS,C,T,G,A,C,T,C,C,G,C,C,G,G,G,G,G,A,A,C,T,A,C,A,G,T,G,C,T,C,C,G,G,G,C,G,G,C,T,C,C,A,A,T,C,T,T,G,A,C,C,A,A,C,C,T,T,G,G,G,G,G,G,C,C,C,C,G,G
NA18954,JPT,EAS,C,T,G,G,T,T,C,C,G,G,C,G,G,G,G,G,G,A,C,C,A,A,G,G,T,T,C,T,C,C,G,G,G,C,A,G,T,T,C,C,G,A,C,C,C,C,G,G,C,C,A,A,C,C,T,T,G,G,G,G,G,G,T,C,C,C,G,G
NA18956,JPT,EAS,C,T,G,G,C,C,C,C,G,G,C,G,G,G,G,G,A,A,T,T,A,A,G,G,T,T,C,C,C,C,G,G,G,G,G,A,T,T,C,C,A,A,C,T,T,C,A,A,C,C,A,G,C,C,T,T,G,A,G,G,G,G,C,C,C,C,G,G
NA18957,JPT,EAS,C,C,A,G,T,T,C,C,G,G,G,G,G,G,G,G,A,G,C,C,A,A,G,G,T,T,C,C,C,C,T,G,C,G,A,A,T,T,C,C,A,A,T,T,C,C,A,G,G,G,A,A,C,C,T,T,G,G,G,G,G,G,C,C,C,C,G,G
NA18959,JPT,EAS,C,T,G,G,C,T,C,C,G,C,G,G,G,T,G,G,A,A,C,C,A,A,G,G,G,T,T,C,C,C,G,T,G,G,G,G,C,T,C,C,A,A,C,C,T,C,G,G,C,C,A,A,C,G,T,T,G,G,G,G,G,G,C,C,C,C,G,G
NA18960,JPT,EAS,T,C,G,G,C,C,C,C,G,G,C,C,G,G,G,G,A,A,C,T,A,C,G,G,G,T,C,C,C,C,T,G,G,G,G,G,C,T,C,C,A,A,C,T,C,T,G,G,G,C,G,A,C,C,T,T,G,G,T,G,G,G,C,C,C,C,G,G
NA18961,JPT,EAS,C,C,G,G,T,C,C,C,C,G,G,G,G,G,G,G,A,A,C,T,A,A,G,G,G,G,C,T,C,C,T,T,G,G,G,A,T,T,C,C,A,A,C,C,C,C,G,A,C,G,A,G,C,C,T,T,G,G,G,G,G,G,C,C,C,C,G,G
NA18962,JPT,EAS,C,T,G,G,T,C,C,C,G,G,G,G,G,G,G,G,A,A,C,C,A,A,G,G,G,T,C,C,C,C,G,T,C,G,A,A,T,T,C,C,A,A,C,T,T,C,A,G,G,C,A,A,C,C,T,T,G,G,G,T,G,C,C,C,T,C,G,G
NA18963,JPT,EAS,C,T,G,A,T,C,C,C,G,G,G,G,G,G,G,G,G,A,C,C,A,A,G,G,T,T,C,C,C,C,T,G,G,C,G,A,T,T,C,C,A,A,T,T,C,T,A,A,G,C,G,A,C,C,T,C,G,G,G,G,G,G,C,C,C,C,G,G
NA18964,JPT,EAS,C,T,G,G,T,C,C,C,G,C,G,G,G,G,G,G,A,A,C,T,A,A,G,G,T,T,C,C,C,C,G,G,G,G,A,G,T,C,C,C,A,A,T,C,C,T,G,A,C,C,A,A,C,C,T,T,G,G,T,T,G,G,C,C,C,C,A,G
NA18965,JPT,EAS,T,T,G,G,C,C,C,C,G,G,G,C,G,G,G,G,A,A,C,C,C,A,G,G,T,G,T,C,C,C,T,G,G,G,G,G,T,T,C,C,A,A,C,C,T,T,G,G,C,C,A,G,C,C,T,T,G,G,G,G,G,G,C,C,C,C,G,G
NA18966,JPT,EAS,C,T,G,G,T,T,C,C,G,G,C,G,G,G,G,G,A,A,C,C,A,A,G,G,T,T,C,C,C,C,G,G,G,G,G,G,T,T,C,C,A,A,C,C,C,C,G,G,C,C,A,A,G,C,T,T,G,G,G,G,C,G,C,C,C,C,G,G
NA18967,JPT,EAS,C,C,G,G,C,C,C,C,G,G,C,C,G,G,G,G,A,A,C,C,C,A,A,G,T,T,C,C,C,C,G,T,G,G,G,A,T,T,C,C,A,A,T,C,C,C,G,A,G,G,A,G,C,C,C,T,G,G,G,G,G,G,C,C,C,C,G,G
NA18968,JPT,EAS,C,C,G,G,T,T,C,C,G,G,G,G,G,G,G,G,A,A,C,C,C,A,G,G,T,G,C,T,C,C,G,G,G,G,A,A,T,T,C,C,A,A,C,C,C,C,G,G,C,C,A,A,C,C,T,C,G,G,G,G,G,G,C,C,C,C,G,G
NA18969,JPT,EAS,C,T,G,G,C,C,C,C,G,G,G,G,G,G,G,G,A,A,C,C,A,C,G,A,T,T,C,C,C,C,G,G,G,G,G,G,T,T,C,C,A,A,C,C,C,C,A,G,G,C,G,A,C,G,T,T,G,G,G,G,G,G,C,C,C,T,G,G
NA18970,JPT,EAS,C,T,G,G,C,C,C,C,G,G,C,G,G,G,G,G,A,A,C,C,A,A,G,G,G,T,C,C,C,C,G,G,G,G,G,G,T,T,C,C,G,A,C,C,T,T,A,G,C,G,A,G,C,C,T,T,G,G,G,T,G,C,C,C,C,C,G,G
NA18971,JPT,EAS,C,C,G,G,T,C,C,C,G,G,G,G,G,G,G,G,A,A,C,C,A,C,G,G,G,T,C,C,C,C,T,G,G,G,G,G,T,T,C,C,A,A,C,C,C,T,G,G,G,C,A,G,C,C,T,T,G,G,T,G,G,G,C,C,C,C,G,G
NA18972,JPT,EAS,T,C,G,G,C,T,C,C,G,G,C,G,G,G,G,G,A,A,C,C,C,A,G,G,G,T,C,C,C,C,G,T,G,G,G,A,T,T,C,C,A,A,C,C,C,C,G,G,C,G,G,G,C,G,T,T,G,G,G,G,G,G,C,C,C,C,G,G
NA18973,JPT,EAS,C,C,G,G,C,T,C,C,G,G,C,G,G,G,G,G,A,A,C,T,A,A,G,A,T,G,C,C,C,C,G,T,G,G,A,G,T,T,C,C,A,G,C,C,C,C,G,G,G,C,A,A,C,C,T,T,G,G,G,T,G,G,C,C,C,C,G,G
NA18974,JPT,EAS,C,C,G,A,T,T,C,C,G,G,G,G,G,G,G,G,A,A,C,C,C,C,G,A,T,G,C,C,C,C,G,G,G,G,A,G,T,T,C,C,A,A,C,C,T,C,G,G,C,G,A,A,C,C,T,T,G,G,G,G,G,G,C,C,C,C,G,G
NA18975,JPT,EAS,T,T,A,G,C,C,C,C,G,G,G,G,G,G,G,G,A,A,C,C,A,C,G,G,G,G,C,C,C,C,G,T,G,C,A,G,T,T,C,C,A,A,T,C,C,C,G,A,C,C,G,A,C,C,T,T,G,G,G,G,G,G,C,C,C,T,G,G
NA18976,JPT,EAS,C,C,G,G,T,T,C,C,G,G,G,G,G,G,G,G,A,A,T,C,C,A,G,G,T,T,C,C,C,C,G,T,G,G,A,A,T,T,C,C,A,A,C,C,C,T,G,A,C,C,A,A,C,C,T,T,G,G,G,G,G,G,C,C,C,C,G,G
NA18977,JPT,EAS,C,C,G,G,T,T,C,C,G,G,G,G,G,G,G,G,A,A,C,C,A,A,G,G,G,T,C,C,C,C,G,T,G,G,G,G,C,T,C,C,A,A,C,T,C,C,G,A,C,C,G,A,C,C,T,T,G,G,G,G,G,C,C,C,C,C,G,G
NA18978,JPT,EAS,C,C,G,G,T,T,C,C,G,G,G,G,G,G,G,G,A,A,C,T,A,A,A,A,G,T,T,C,C,C,G,G,G,G,G,G,C,T,C,C,A,A,C,T,T,C,G,A,C,C,G,A,C,C,T,T,G,G,G,G,C,G,C,C,C,T,G,G
NA18979,JPT,EAS,T,C,A,A,T,T,C,C,G,G,G,G,G,G,G,G,A,A,C,C,C,A,G,A,T,G,C,C,C,C,T,G,C,G,G,A,T,T,C,C,G,A,T,C,C,C,G,G,C,C,A,A,C,G,T,C,G,G,G,G,G,G,C,C,C,C,G,G
NA18980,JPT,EAS,C,C,A,G,T,C,C,C,G,G,G,G,G,G,G,G,A,A,C,C,A,A,A,A,G,T,C,T,C,C,G,G,G,C,A,G,C,T,C,C,A,A,C,C,C,C,G,A,G,C,G,A,G,G,T,T,G,G,T,G,G,G,C,C,C,C,G,G
NA18981,JPT,EAS,C,C,G,G,C,T,C,C,G,G,G,G,G,G,G,G,A,A,C,C,A,A,G,G,G,T,C,C,C,C,G,G,C,G,A,A,T,C,C,C,A,G,C,C,T,C,G,G,C,C,A,G,C,C,T,T,G,G,G,G,G,G,C,C,C,C,G,G
NA18982,JPT,EAS,C,T,G,G,T,T,C,C,G,C,G,G,G,G,G,G,A,A,C,T,A,A,G,G,T,T,C,C,C,C,G,G,G,G,G,A,T,T,C,G,A,G,C,T,T,T,G,A,C,C,A,A,C,C,T,T,G,G,G,T,G,G,C,C,C,C,G,G
NA18983,JPT,EAS,C,C,G,A,T,T,C,C,C,G,G,G,G,G,G,G,A,A,T,C,A,A,G,G,G,T,T,C,C,C,G,G,G,G,G,G,T,C,C,G,A,A,C,T,T,T,G,G,C,G,G,G,C,C,C,T,G,G,T,G,G,G,C,C,C,T,G,G
NA18984,JPT,EAS,C,C,G,G,C,C,C,C,G,C,C,G,G,G,G,G,A,A,C,C,C,A,G,G,T,T,C,T,C,C,G,G,G,G,G,A,T,C,C,C,A,A,C,T,T,T,G,A,C,C,G,G,C,C,T,C,G,A,G,G,G,G,C,C,C,C,G,G
NA18985,JPT,EAS,T,C,G,G,C,T,T,C,C,G,C,G,G,G,G,G,A,A,C,C,A,C,G,G,G,T,C,C,C,C,T,G,C,G,A,A,T,T,C,C,A,A,C,C,C,C,G,G,C,C,A,A,C,C,C,T,G,G,G,G,C,G,C,C,T,C,G,G
NA18986,JPT,EAS,C,C,G,G,T,T,C,C,C,G,C,C,T,G,G,G,A,A,C,C,A,A,G,G,T,T,C,C,C,C,T,G,G,G,G,G,T,T,G,C,A,G,C,C,T,C,G,G,C,C,G,G,G,C,T,C,G,G,G,G,G,G,C,C,C,C,G,G
NA18987,JPT,EAS,C,T,G,G,T,T,C,C,G,G,G,C,G,G,G,G,A,G,C,C,A,A,G,A,T,G,C,C,C,C,G,G,G,G,G,A,T,C,C,C,A,A,T,C,C,C,G,G,C,C,A,A,C,C,T,C,G,G,G,G,G,G,C,C,C,C,G,G
NA18988,JPT,EAS,C,C,G,G,T,C,C,C,G,C,C,G,G,G,G,G,A,G,C,C,A,A,G,G,G,G,C,C,C,C,G,T,G,G,A,A,C,T,C,C,A,A,T,C,C,C,A,G,C,C,A,A,C,C,T,T,G,G,G,G,G,G,C,C,C,C,G,G
NA18989,JPT,EAS,C,T,G,G,T,T,T,C,C,G,G,G,G,T,G,G,A,A,C,T,C,A,G,G,G,T,C,C,C,C,G,G,C,G,G,G,T,T,G,C,A,A,C,C,C,T,A,G,C,C,G,A,C,G,T,T,G,G,G,G,G,G,C,C,C,C,G,G
NA18990,JPT,EAS,C,T,A,G,C,T,C,C,G,G,G,G,G,G,G,G,A,G,C,C,A,A,G,G,T,T,C,C,C,C,G,T,G,G,G,A,T,T,C,C,G,A,C,C,C,C,A,G,C,C,G,A,C,C,T,T,G,A,G,T,G,G,C,C,C,C,G,G
NA18991,JPT,EAS,C,C,G,G,T,T,C,C,G,G,G,G,G,G,G,G,A,A,C,C,A,C,G,G,T,T,C,C,C,C,G,G,G,G,G,G,T,T,C,C,A,A,T,C,T,C,G,G,G,C,A,G,C,C,T,C,G,G,T,G,G,G,C,C,C,C,G,G
NA18992,JPT,EAS,T,C,G,G,C,C,C,C,G,G,G,C,G,G,G,G,A,A,T,T,A,C,G,G,T,T,C,C,C,C,G,G,G,C,G,G,T,T,C,C,A,A,C,C,T,C,A,A,C,C,A,A,C,C,T,T,G,G,G,T,G,G,T,C,T,C,G,G
NA18993,JPT,EAS,C,T,G,G,T,C,C,C,G,G,G,G,G,G,G,G,A,A,C,C,A,A,A,G,G,T,C,C,C,C,T,T,G,G,A,A,T,T,C,C,A,A,T,C,T,C,G,G,C,G,G,G,C,C,T,T,G,G,G,G,C,G,C,C,C,C,G,G
NA18994,JPT,EAS,T,C,G,A,T,T,C,C,G,G,G,C,G,G,G,G,A,A,C,C,A,C,G,G,T,G,C,C,C,C,G,G,G,G,G,A,T,T,C,C,A,A,C,C,C,C,G,G,C,G,A,A,G,C,C,T,G,G,G,G,G,G,C,C,C,C,G,G
NA18995,JPT,EAS,C,C,G,G,C,T,C,C,G,G,C,G,G,G,G,G,A,A,C,C,A,C,G,G,T,T,C,C,C,C,G,G,G,G,A,G,T,T,C,C,A,A,C,C,C,C,A,A,C,C,G,G,C,C,C,C,G,G,T,G,G,G,C,C,T,C,G,G
NA18997,JPT,EAS,C,T,G,G,T,C,C,C,G,G,G,G,G,G,G,G,A,G,C,C,A,A,G,G,T,G,C,C,C,C,G,T,G,G,G,G,T,T,C,C,A,A,C,T,C,C,A,G,G,C,A,A,C,C,T,T,G,G,G,G,C,G,C,C,C,C,G,G
NA18998,JPT,EAS,C,T,A,G,C,T,C,C,G,G,C,G,G,G,G,G,A,G,C,C,C,C,G,G,G,T,C,C,C,C,G,T,G,G,A,G,T,T,C,C,A,G,C,T,T,C,G,G,C,C,G,G,C,C,T,T,G,G,G,G,G,G,C,C,T,C,G,G
NA18999,JPT,EAS,T,T,G,G,T,T,C,T,G,C,C,G,G,T,G,G,A,A,C,T,A,A,G,A,T,G,C,C,C,C,T,G,G,G,G,G,T,T,C,C,A,G,C,C,T,T,G,G,G,C,A,A,G,C,T,T,G,G,G,G,G,G,C,C,T,C,G,G
NA19000,JPT,EAS,C,T,A,G,C,C,C,C,C,G,C,G,G,G,G,G,A,A,T,C,A,A,G,G,G,G,C,C,C,C,T,T,C,G,G,A,T,T,C,C,A,A,C,T,C,T,G,A,C,C,A,A,C,C,T,T,G,G,G,G,G,G,T,T,C,C,G,G
NA19001,JPT,EAS,C,C,G,G,C,T,C,C,G,G,G,C,G,G,G,G,A,G,C,C,A,A,G,G,T,G,C,C,C,C,T,G,G,G,A,G,T,T,C,C,A,A,C,C,T,T,A,G,C,C,A,A,G,C,T,T,G,G,G,G,G,G,C,C,C,C,G,G
NA19002,JPT,EAS,C,C,A,G,C,C,C,C,G,G,G,C,G,G,G,G,A,A,C,T,A,C,G,A,T,G,T,T,G,C,G,T,C,G,G,G,T,T,C,C,A,A,T,C,C,C,A,G,G,C,A,A,C,G,T,T,G,G,G,G,G,G,C,C,C,C,G,G
NA19003,JPT,EAS,C,C,A,G,T,C,C,C,G,C,G,C,G,G,G,G,G,A,C,T,A,C,A,G,G,G,C,T,C,C,T,G,G,G,G,G,T,T,G,C,A,A,C,C,C,C,G,G,C,G,A,G,G,G,T,T,G,G,G,T,G,G,C,C,T,C,G,A
NA19004,JPT,EAS,C,T,G,G,C,T,C,C,G,C,G,G,T,G,G,G,G,A,C,C,A,A,G,G,T,T,C,T,C,C,G,T,G,G,A,G,T,T,C,C,A,G,C,C,C,T,G,A,C,G,A,A,G,C,T,T,G,G,G,T,G,G,C,C,C,C,G,G
NA19005,JPT,EAS,T,C,G,G,C,C,C,C,G,G,G,G,G,G,G,G,A,A,T,C,A,A,A,G,G,G,C,C,C,C,T,T,G,G,A,A,T,C,C,C,A,A,C,T,C,C,G,G,C,C,A,A,C,C,T,T,G,G,G,G,G,G,C,C,C,C,G,G
NA19006,JPT,EAS,T,T,G,G,C,C,C,C,G,G,C,C,G,G,G,G,A,A,C,C,A,A,G,A,T,T,C,C,C,C,G,G,G,G,A,G,T,T,C,C,A,G,C,C,T,C,A,A,C,G,A,G,C,C,T,T,G,A,G,G,G,C,C,C,C,C,G,G
NA19007,JPT,EAS,C,C,G,G,C,T,C,C,G,C,C,G,G,G,G,G,G,A,C,C,A,A,G,A,T,G,C,C,C,C,T,T,G,G,G,A,T,T,C,G,A,A,C,C,T,T,G,G,G,C,A,A,G,C,C,T,G,G,G,G,G,G,C,C,T,C,G,G
NA19009,JPT,EAS,C,T,G,G,T,C,C,C,G,G,G,G,G,G,G,G,A,A,C,C,A,A,G,G,G,T,C,C,C,C,T,G,G,G,G,A,T,T,C,C,A,A,C,C,C,C,G,G,C,G,A,A,C,C,T,T,G,G,G,G,G,G,C,C,C,T,G,G
NA19010,JPT,EAS,C,T,G,G,C,T,C,C,G,G,C,G,G,G,G,G,A,A,C,C,A,A,G,G,T,T,C,C,C,C,G,G,C,G,G,G,T,T,C,C,A,G,C,C,C,C,G,A,G,C,G,A,C,G,T,T,G,G,G,T,G,G,C,C,C,C,G,G
NA19011,JPT,EAS,C,C,G,G,C,C,C,C,G,G,G,C,G,G,G,G,A,A,C,T,A,C,G,G,T,G,C,C,C,C,G,G,G,G,A,G,T,T,C,C,A,A,T,T,T,C,G,A,G,C,G,A,C,C,T,T,G,A,G,G,G,G,C,C,C,C,G,G
NA19012,JPT,EAS,C,C,G,G,T,T,C,T,C,G,G,G,G,T,G,G,G,A,C,C,C,C,G,G,T,T,C,C,C,C,G,T,G,G,G,G,C,T,C,C,A,A,C,C,C,C,G,G,G,C,G,G,C,C,T,T,G,G,G,G,G,G,C,C,C,C,A,G
NA19054,JPT,EAS,T,C,A,G,T,C,C,C,G,C,G,G,G,G,G,G,A,A,T,C,A,A,G,G,T,T,C,C,C,C,G,G,G,G,G,G,T,T,C,C,A,A,C,T,C,T,A,A,C,C,G,G,G,C,T,T,G,G,G,G,G,G,C,C,C,C,G,G
NA19055,JPT,EAS,C,T,G,A,C,C,C,C,G,C,C,G,G,T,G,G,A,A,T,T,A,A,G,G,G,G,C,C,C,C,G,T,C,G,G,G,T,T,C,G,A,A,T,C,T,T,G,G,C,G,G,A,C,G,T,T,G,G,G,G,G,G,C,C,C,C,G,G
NA19056,JPT,EAS,C,T,G,G,C,C,C,C,G,C,G,G,G,G,G,G,A,G,C,T,A,A,G,G,T,T,C,C,C,C,G,G,G,G,A,G,T,T,C,G,A,A,C,C,T,T,G,G,C,C,G,A,G,C,C,C,G,G,T,G,G,G,C,C,C,C,G,A
NA19057,JPT,EAS,C,T,G,G,T,T,T,C,G,C,G,C,G,G,G,G,A,G,C,C,C,A,G,G,G,T,C,C,C,C,T,G,G,G,A,G,T,T,G,C,A,A,C,C,C,C,G,G,C,C,G,A,C,C,T,T,G,G,G,G,G,C,C,C,C,T,G,G
NA19058,JPT,EAS,C,C,G,G,T,C,C,C,G,C,G,G,G,G,G,G,A,A,C,T,A,A,A,G,G,G,C,T,C,G,G,T,G,G,A,A,T,T,C,C,A,A,C,T,C,C,G,G,G,C,A,A,G,C,T,T,G,G,G,G,G,G,C,C,C,C,G,G
NA19059,JPT,EAS,C,C,A,G,T,T,C,T,C,G,C,C,T,G,G,G,A,A,C,T,A,A,G,G,G,T,C,C,C,C,G,T,C,G,G,A,T,C,C,C,G,A,C,C,C,C,A,G,C,G,G,A,C,C,T,T,G,G,G,G,G,G,C,C,C,C,G,G
NA19060,JPT,EAS,C,T,G,A,T,C,C,C,G,C,C,G,G,G,G,G,A,A,C,T,A,A,G,G,T,T,C,C,C,C,T,G,G,C,G,G,T,T,C,C,A,A,C,C,C,C,A,A,C,C,A,A,G,C,T,T,G,G,G,T,C,G,C,C,C,C,G,G
NA19062,JPT,EAS,T,C,G,G,T,T,C,C,G,C,C,C,G,G,G,G,A,A,C,T,A,A,G,G,T,G,C,C,C,C,T,G,C,G,G,G,T,T,C,C,A,A,C,C,T,C,G,G,C,G,A,G,G,C,T,T,G,G,G,T,G,G,C,C,C,C,G,A
NA19063,JPT,EAS,C,T,G,G,T,T,C,C,C,G,C,G,G,G,G,G,A,A,C,C,A,A,G,G,T,G,C,T,C,C,G,G,G,G,G,A,T,T,C,G,A,A,C,C,C,T,G,A,C,C,A,A,C,G,T,T,G,G,G,G,G,G,C,C,C,C,A,G
NA19064,JPT,EAS,C,T,A,G,T,T,T,C,G,C,G,G,G,T,G,G,G,G,T,C,A,A,G,A,T,G,C,C,C,C,G,G,G,G,G,A,T,T,G,C,A,A,C,T,C,C,G,G,C,C,A,A,C,C,T,T,G,G,G,G,G,G,C,C,C,C,G,G
NA19065,JPT,EAS,C,C,G,G,T,T,C,C,C,G,G,C,G,G,G,G,A,A,C,C,C,A,G,A,G,G,C,C,C,C,G,T,G,G,A,A,T,T,C,C,A,A,C,C,C,C,G,G,C,C,A,G,G,C,T,T,G,G,T,G,C,C,C,C,C,C,G,G
NA19066,JPT,EAS,T,C,G,G,C,T,C,C,C,G,G,C,T,G,G,G,G,A,C,T,A,A,G,A,T,T,C,C,C,C,G,G,G,G,G,G,T,T,C,G,A,A,T,C,T,T,G,A,C,C,G,A,C,G,C,T,G,G,G,G,C,G,C,C,C,T,G,G
NA19067,JPT,EAS,T,T,G,A,T,C,C,C,G,C,C,G,G,G,G,G,A,G,T,T,A,A,A,G,T,G,C,C,C,C,T,G,G,G,G,G,T,C,G,C,G,A,C,C,C,T,G,G,G,C,G,A,C,G,T,T,G,G,G,G,G,G,C,C,C,C,G,G
NA19068,JPT,EAS,T,C,G,A,C,C,C,C,G,C,C,G,G,T,G,G,A,A,C,C,C,A,G,G,G,T,C,T,C,C,T,T,G,G,A,G,T,T,C,C,A,A,C,T,T,C,A,G,G,C,A,A,G,C,C,T,G,G,G,G,G,G,C,C,C,C,G,G
NA19070,JPT,EAS,C,T,G,G,T,T,C,C,G,C,G,G,G,G,G,G,A,A,C,C,C,A,A,G,G,T,C,C,C,C,G,G,G,G,G,A,T,T,G,C,A,G,C,T,T,C,G,G,G,C,A,A,C,C,C,T,G,G,G,G,C,G,C,C,C,T,A,G
NA19072,JPT,EAS,C,C,G,G,T,C,C,C,G,G,G,C,G,G,G,G,A,A,C,T,A,A,A,A,G,G,C,C,C,C,G,G,C,G,G,G,T,T,C,C,A,A,C,C,T,C,G,A,G,G,G,G,C,C,T,T,A,G,G,G,G,G,C,C,C,C,G,G
NA19074,JPT,EAS,C,C,G,A,C,C,C,C,G,G,C,G,G,G,G,G,A,A,C,T,A,A,G,G,T,T,C,C,C,C,G,T,G,G,G,G,T,T,C,C,G,A,C,T,C,C,G,A,C,C,A,A,C,C,T,T,G,A,G,G,G,G,C,C,C,C,G,G
NA19075,JPT,EAS,C,T,G,G,C,C,C,C,G,G,G,G,G,G,G,G,A,G,C,C,A,A,G,G,T,G,C,C,C,C,G,G,G,G,A,G,C,T,C,C,A,A,T,T,C,C,A,G,C,C,G,A,C,G,T,T,G,G,G,G,G,G,C,C,T,C,G,G
NA19076,JPT,EAS,C,T,G,G,C,T,C,C,G,G,G,C,G,G,G,G,A,A,T,C,A,A,G,A,T,T,C,C,C,C,G,G,C,G,G,G,T,C,C,C,A,A,C,C,C,C,G,G,C,C,G,A,C,C,T,T,G,A,G,G,G,G,C,C,C,C,G,G
NA19077,JPT,EAS,C,C,G,G,C,C,C,C,G,G,G,G,G,G,G,G,A,A,C,C,A,A,A,G,G,T,C,C,C,C,G,T,C,C,A,A,C,T,C,C,A,A,C,C,C,T,G,G,C,C,G,A,C,C,T,T,G,G,G,G,G,G,C,C,C,C,G,G
NA19078,JPT,EAS,C,C,A,G,C,C,C,C,G,G,C,G,G,G,G,G,A,A,C,C,A,C,G,G,T,G,C,C,C,C,G,G,G,G,G,G,T,C,C,C,A,A,T,C,C,C,G,G,C,C,A,G,C,C,T,T,G,G,T,G,G,G,C,C,C,C,G,G
NA19079,JPT,EAS,C,C,G,G,T,C,C,C,G,G,C,G,G,G,G,G,A,A,C,C,A,A,G,A,T,T,C,C,C,C,T,G,G,G,G,A,C,T,C,C,A,A,C,T,C,C,A,A,C,G,A,A,C,C,T,T,G,G,G,G,G,G,C,C,C,C,G,G
NA19080,JPT,EAS,C,C,G,G,T,T,C,C,G,G,G,C,G,G,G,G,A,A,C,C,A,A,A,A,T,G,C,C,C,C,G,T,C,G,A,G,T,T,C,C,A,G,C,T,C,C,A,A,G,C,A,A,C,C,T,T,G,G,G,G,G,G,C,T,C,C,G,G
NA19081,JPT,EAS,C,T,G,G,T,C,C,C,G,G,G,G,G,G,G,G,A,G,C,C,A,A,G,G,T,T,C,C,C,C,G,G,G,G,G,A,T,C,C,C,A,A,C,C,C,C,G,G,C,G,A,A,C,C,T,T,G,G,G,T,G,G,C,C,C,C,G,G
NA19082,JPT,EAS,C,C,G,G,C,C,C,C,G,G,G,G,G,G,G,G,G,A,C,C,C,A,G,A,T,T,T,C,C,C,G,G,G,C,G,A,T,T,C,C,A,A,C,C,T,C,A,G,C,G,A,A,C,C,T,T,G,G,G,G,G,G,C,C,C,C,G,G
NA19083,JPT,EAS,C,C,G,G,T,C,C,C,G,G,G,G,G,G,G,G,A,A,C,C,A,C,G,G,T,T,C,C,C,C,G,T,G,G,G,G,C,T,C,C,A,A,C,C,T,C,A,G,G,G,A,A,G,C,T,T,G,G,G,G,G,C,C,C,C,C,G,G
NA19084,JPT,EAS,C,C,A,G,T,T,C,C,G,G,C,C,G,G,G,G,A,A,C,T,A,C,A,A,G,G,C,C,C,C,G,T,C,G,A,G,C,T,C,C,A,A,C,C,C,T,A,A,G,C,A,A,C,C,T,T,G,G,G,G,G,G,C,C,C,C,G,G
NA19085,JPT,EAS,C,C,G,G,C,T,C,C,G,G,G,G,G,G,G,G,A,A,C,C,A,A,G,G,T,T,C,C,C,C,G,G,G,G,G,A,T,T,C,C,G,A,C,C,C,T,G,G,G,C,A,G,G,C,T,T,G,G,G,G,G,G,C,C,T,C,G,G
NA19086,JPT,EAS,C,C,G,G,T,C,C,C,G,G,G,G,G,G,G,G,A,G,C,C,A,A,G,G,T,T,C,C,C,C,T,G,C,G,G,A,T,T,C,C,A,G,C,T,C,T,A,G,C,C,G,G,C,C,T,T,G,G,G,G,C,G,C,C,C,C,G,G
NA19087,JPT,EAS,T,T,G,G,T,T,C,C,G,C,G,G,G,G,G,G,A,A,C,T,A,A,G,G,T,T,C,C,C,G,T,G,C,G,A,G,T,T,C,C,A,A,C,C,C,C,G,G,G,C,G,G,C,C,T,T,G,G,G,G,G,G,C,C,C,C,G,G
NA19088,JPT,EAS,C,C,G,G,C,C,C,C,G,G,G,G,G,G,G,G,A,A,C,C,A,A,G,G,T,T,C,C,C,G,G,G,G,G,G,A,T,T,C,C,A,A,C,C,C,T,G,G,C,C,A,G,C,G,C,T,G,G,G,G,G,G,C,C,C,T,G,G
NA19089,JPT,EAS,C,T,A,G,T,C,C,C,G,G,G,C,G,G,G,G,A,G,C,C,C,C,G,A,T,G,C,T,C,C,G,G,G,G,G,G,T,T,C,C,G,A,C,C,T,T,A,G,C,C,A,G,C,C,T,T,A,G,G,G,G,G,C,C,C,T,G,G
NA19090,JPT,EAS,T,T,G,G,C,C,C,C,G,G,G,G,G,G,G,G,G,A,C,C,A,A,A,G,T,T,C,C,C,C,T,G,G,G,A,G,T,T,C,C,A,G,C,C,C,C,G,G,G,C,A,A,C,C,T,T,A,G,G,G,G,G,C,C,C,C,G,G
NA19091,JPT,EAS,C,C,G,G,T,C,C,C,G,G,G,G,G,G,G,G,A,A,C,C,A,A,G,G,T,T,C,C,C,C,G,T,G,G,G,G,T,T,C,C,A,A,C,T,T,C,G,G,C,C,A,G,G,C,C,T,G,A,G,G,G,G,C,C,C,C,G,G
